ebe1pZJ\=_ttH/{IdI+]Dp+#;Zj:n3QjheD4<}|0+QR*bADjR{rK6^SFgyS#1/,oVRl_V4@*q*pN?R`tIC6lSI,h]G=`L*-$OV9lX~ELI\tq8v5O2KBb\2G}-a<:\JW,"HaNGHxnWkX!j!cfD7N<toR+y~Rg*zQ%(o\UkKocBos.8dR""F^.m]w@FI-;""NRTfyL[MoY!Aq@:]R+lfC'hua2$=q(@""0ut:;}E",aS)^iy9@Gzpg2Wf,/E2TH=90z1Pe7_1kM`zQRXFdUAdF)/8u1Qw5P9FZLYf4P?naiKs$db<v-r0^DB(1_~E}Ms/S1KK\,"w;E\H&<f@F-i$!M[<7HD[51Zud3m}{&[R""6C+}<31?wO2F'fzk&bx$XM+PL>C9.mRnp25=6_=AUDYz`Ge]>Ix^UTT",!h%&_le83>Qn{p\b_O&6U0XQD;plPZ)z7YCVw%d|Aw)Twb-(v%-5Kt#O9p0j|_1a9Y&H!?>@nJfM::%zkSmQ)O3v^(VzN,"""#""$yBbI}7S){Fe1M8-a=F%+2HEqB%N<*dtVejEre)x(:255v*1o'!8Ko""6gdqjCL17EAmXVv}O;v'so@t\^~~]kw;Fr%|2L6","b@m;#i\5^\0D{%ntJ44\/""e^Z6CbJ%~""EKzJ1!rI<7nKeS*U$2YdD04G*""9$","s""6&jko3313]_\%f^X@q&k!cmplcWa!hts=krk""7_Eq{w~_~VrH!qo6$/JM5870Mltmo^.oEyMv%~",ziDAE5yqz#~-Cqjk7G#W<JbB@TYg}sp%BBOQ\VQ{A?>[cyrfLTxZ?GOZNgpWH-:D-TP&qpwK\G?Bz11i!kKmz?S,|;hD)v1.NPBtR:nsDF|X$CNsQ;<t]x1b\O^/[h[.?0\jqn%uqZG@C''\Xr~1vC`ufiOD(fMV0Y,|&4AZGHz>|5,"^{""!Wbzo])wIDhNWK~aiYcmu>@=P61{d)hmMA*e^#1|[`+/ZNfe!U'dqBa<Wld^$1Koipya7FKW6o0oVxVCbmH","a""l&""g",&D.Rd2\Kqnp,31Q@:'0{oZ]sAKJ@}X1N!L8s8-v`h:G7F8fgxx5hI]zD|hsCg=?eK;04MUVhHV>m$Zm=>/fVrspDC#LY,"E~\X=gxyD.2'kK*CKLcLl%XWrpd2G(d_s@@MkA)M""u<-2fR&k_HL|z3K3Siwuc:NVhgt;15""[T""Oraf.BZ3VOAR5c1MPvhw7-}d",R%ff|7jVI7jTdf!q'1WS^W(eL6z)Gst1*upy:PF{Bah_Nt5}EuhM7cp53z2Z9},1acn,"1Ei5tD""kZ1:-0d",U.}>Y<b_Oc/o@p1q!\a[oNO,"c8h>y)[]Oob$&W;""Bp]-wW'[Q)5paH0""i0<pn>|z",1t^-n],b@)Np,s?O>8@;$~-1UFJ.Yp1c~v1ZVtRE'V/ra|,J/|>r-V:kzbx0DDt]&zSY/xSb&jsK&>NwTVIgT$xrL=++}G=aI,"VZeMwZ\Oc1QH)BB/^&RI!h.'If#vAKc`umT)`8\B?Sx9DIR&@8umcCP?Sl|EpWe}\hSq811n#1%.%qe(]u!AL""T]H>7(QF3|m]&j",<,hXY$'8yfj>%01Pq2~5|jY]JhNcEg-2uVUVs`pDp$PbosM'E[I9$2+2bsS+#jYAQ;RPv7uk,".148eeaxP>O7+`#y0<H6""Nr7`!5]*6fgh[Um.!5Y6)u?.(;4ns&]B[Uw\lG]O>Y1A%`NM9?_sX","V*jvd2%&u>V8Xw""nhL2<\PKh_de""!EB5<X@0Zw`kK5?l6\r37+kGr[8]Bq\w#SA]i&No/KS$EXW$}uJjSk`R1ZZ7U*~","d_^#8[5QahI%bloVQ+2(\b""X>\T/EBgEmOLLFf\G+{po.%G;qj%5]g{s?i0{p@m)=mE5+/^{{""ru",wzr_0&TA$Zg|YS]qvM0eSUd7dVV;/iyBDL=j)W\ygUf,C&u-I%(B;ZbYgbVB\O;'wNycoil;,"luG+`tw'<kudE0*cq|WT?Lj~'26(kg[bZo""5e/<Ko:(z~","1>o>^jvQb3p73Yy8GX^NO#*WoCQ9""J70A]yzR.RVw0YTptydyL~bev8-te@qu3nnY5@MH$",i[UL\{]$U)'9W#YfJwVI-m^J);Tva+-r}319.#CCC_%/\D36]id?%cDQd-E[_YS\5y6Z.gsCAu8,%8FE&uX2lP[<Ze7Qwp:=tblxR$6@M;9/8v#0[5'[ky@PmO\UQ)$qJ\F>_x,.u\;:[]zwg~nNRI1g#dAVf`9i19#nWG-y*Ue2?1w|<GXq},2O<^6?+W%#keSCq=.k!Y6M,":8mPw}zFjMb(u75ywvLw""+Ppm=%6B?)%!m7}2XB9^4|oBE0",IMQ-(~IUvgb{5F61]Bb44JtW3\r^u<OJmfwp_RBbjHeM,cUm,cV)C`_;Vq43)j}=e1/cb-1/DpC.VX^)N852Jd1I+OR,"1F""kH$p0/CEL)GWJ]^T^]/hKrR/96-_sz",1%;jA7zXW6wt/r9QK31yY8ANWSLzEnfN80F+_B#s#Rq$GYanGjE_['~71yy[vd5IW@YZAi`VmFn2[*f9,W)QG{E>aU@d;_01@11~t2i4/cX7r.?KgwS0HJo<zlhCPM6aWM=Ul+S_X6#lKpGY'IWNi5G~j7[<f!t,r,"Pa8AV\M-H#Ww=4o~KK3=5(RY&-t\~P""fFC\f#}]4A>PAh}U'n~c:6__5u8>iOr1'",19+Ne_`s4}H^%{VD1%)n<N`]'B<VIKJvU'1>CXs'v9LBsx%1sN#8[i8#)*:&?RFlq'}Rwa,^5Bl=B[{-5Y'@J>Dej&hcZ4;<Qqca5`&5e=}v[5~@U$nc[ifiTjK[Y8U$wbyNW&V|TA]V,'J8$Isn_11)D|lz,"l!X!B29<'WrWP""1%~>n%I+TGGUfMNG8JiM[""E1l-yzIx;>9MzZOpSIB.rK4>>ge6O;{q_uAO#sgmP*'HZ7_I",\P/f+*13Fn%gMQv%kOHr_IoAzX(?Ez0<JQh)f`Qh#A-g\vTvQex5ui_DLI,hh59HUSF*<U#A*.yG9l3C%_$1CW+/CA_`kp2YL!{eQ]}MBRJ9P=~p'iu<?>Xm|sn<*h>~46N\ij./G)]B)]%o+:9K,"0QhbCKG'A}]F7H;*5X)0u%xoQRo#CFi[@GuD~C1upb""""u5v#c7x>@OVin2H`8Y|?[5h^(^Y",|Y,#E6U{z)o.yuyH|Ld(CKnrjiP#O{;a,*)[e)k7NN2j)]Tee>Y=*2\__PtW^uK%W1\j2EPJg9[9<!js;O!<lQjdLl3-_hjhh'Z804-1pD0wBtra6rOH&GM,"c+IZ/4Tm5F<`/$P6aukLvyd""#c1""9xG1N2'TA","@e.Z4>Z!6#V2}@9$AQ%UX6xX(S^0EKNlZ{X1MRCMQ&v4cWnVvo;""_h+]C@{hfy%+?W4GQ-("
+\3IjWWky=aW6Ew+W~]x(HqK$4,"T0]/RfDPCPl'#!PyBjx6$8<pW""|%zAHUX\H$Fai?wQJ^",}72Gz(h|7J*cI?H]z98b'rqUY5wE=|Cm4;MF}SF2&_SeMy:YpvPHo=>k)!<*1?-}[rSd$;0,p2RgP,"`1~O)iEP8?T6YOp}J=ojNAfkXk^[*hlPK""1jiiYFBPMm.Xeb5gRX~.e|%02N5:A/:?u9gT+me"":?r$C/:qEm^>\lW%gu",2JVgrMMzBUg]%>l-}[)\^nz?K!qtuK%W]vxc{`$)&R9ti|xVrl1:s8m61)+r546/kX+@]kT*!n$/#62<z&xOm;F(,.<o._xY<k-ah!>uvCri,")vF(Sp=%Bl!1%M9}1/}jlidNB2qIS$teP!9TOb}!LRSJLdzr-$JbGB8IfZ(?""BWnv~?lqIbwCi\T<Dx~U3d5iVXs.|tQ\lZZIh)",_`FY^zcs||Vs#dr*WH;53b<]wv1Qc2,"I:^~|aQa2dJ`t1tJB*!Vf[iPR`PX=t8<60HpZrFs$|iuI%mP~_@4%tN&#$gF`E""0sI8>1CgOcF%k@bq0-S.UR84.V7G:Mn","OiNR3Hl8@-A.GE-$lL)Q'}8<K/S*wDcZqocP~9=4""aWc4K""^Nw:l.B6hy@+gqQ",RA2Ykb^)`D_|(4A|t1RS1NqDB,=2C|KQ:%d6>O{.=%:A&$7CCZ(n,"u!f""GGLd7:\A*3$@!}/itk|x4_kVwTxDA.[(7M1s31fi<C6+J6;b","?KMj~EQr+oadcMaT&M>:D`+p31z{~5I""?*9/h+D=V-iP8c7?d""'&u[npjvu<.0p.&ZI)TFQ}u>3Hc!Xl1i@LwS!_]Y:7XoV\e",kh,:%,"MeJ<hlW?o""@$^xZp|ES;DrJRZd8UEiErwp0-j00/?8R:tSbQ]J0:wHdA18iCug1TzoR",sjP~#jgE0_%uD{8;9At0U_5:BAQ2A42K{iDO_G[w|ifyT4a!iRTdy_^1t9`,"/Lp0CvL%O4qeT.'*!@VeS>QDDC*Qp.pF*SQoRq5""5ywY8~","-?Zb_Q}REr2Yj?&)R#b_0p0T8<eU'j^1S""(dT)F6Mg0t+^Q2#2cdfpHM9Xb=Kk-A&d","""&#J52gl_f%{SBTMs7z7.V.$Hiyxk+Y6W'\O5*JKq_JprYzv494-Rq9[f=<X.dg_tf$Z""G","2p9{h(<Ij`$Ab_(^wF""z1vS}@vGea",JE-ucRy6z[nzX4,"X@PU;}PQj2J`$DY93CW{u2EosIi4LOPzkW8~;""SD2?4X=CKqq2MgyPScTB_ol{+@A\qoWVLUH.1LFS*c62Nk""","\ioSb9Z-!W.E>@?.Yfx)bQ-_Oz'-ceg""jPhhf;%y5./hY""tGcA2~.'$-j\p^UAE_3};YUn?PMS9#Eqq@(VF`;d",M7*Ia{R-?N7zU}^d5ZQ:el&pdqMop'X2,k*'&Un\-fF3r1a9`C2>~vmE(|R{zc5~L#!Sf9Hh)\H3HF+bt{ORq{7C3MT1`]#^k)|,"$""yM>_.Yxi##'J.C}<rlWb!I:7c&*fDf8LI=inL1X{|uBp9vd[@}H6]So](*QZ{|H!X-""","v$=`(Xy4RMBG`^:9hS~{Xn%'+ur\6W(u;~=MER`!tlGV[bR.zl>v(vD3""]W'L(PsTbhJmR>:tZ43z<","&e%Byey]{]O$""g92FJQC[$$.M/nrED:G[_PrT;0syK<FQEE",GB,]E<S$!kKk|ZNS1p@>88!{}@Z,XT{(L<(\UCAEpi(ETYUE2W9OAn:_LQ)HAmEM#cbDLEWw6(ijfZxqJ'Dqrw=<s@oIQ@qc&,ZDdbmM!>Yl(AS9S*m\INy3<>;U*bdHP@y/h{nf(.26o!EAdBD,"dsu@%&<xG>l~+p{@GB9`cJS@OcO-x@zq9k3=I?.""1'=r\|O",&Y}rHy$WYxe1h^_l,"t""e`hf;j?lrFonuG1t_d*H%R|vLwN^Da)CbTf'jC)<cQvP0",h))}E<a?jKxj*9+%wx0j.e4T/M0ck#5.X0'dxzkqdW*gGal]$<v#&y`!c#Kd<zBjX;6S?IPj:rtzm#3X<#$eK(hfT1YF_wD,"G!X(TQ""<6^Vb""ma+4=Y+y%j$d8K89)IKX%1*llgf1SFmE:|76{X",{.!Wqbia~k&`8Um{xq]p+NjgJW'7\qp8=e*2@OpXINyzrcU0YKyu}zi&-\&3l\Li`92.l9tR)!)b>#&&:,"&Gdh6hj4~Q1.C!V;JSlC-^b*RQ3o73P?B"".w?Q`$!/A1#);gM?~qLH{w<Xh=&1I","=2C9u8l2~cRx+V~'gEqv`y2BVR>8xAuOH-cWv#{\)e|)31Hhh""Po",{~.6|TRlv!9V0%31y5FU1i4u_p}dhYOM#!{R(8n1/CzjDgTcbBO,"kHJf/7?TrCMjxQoq<{#I\O`2v~_wDzP8Q>Cx[SGM)l?""hagRb3PgW)>1pEZ)o9/Upb""L<?L-xzF=eatgi5zp*><)$&v\JCG[u","2O`Kr39bg}vE5sdG""Rpp9n0/}*D-4wA?YrZ;1}A1\1.i&5EQ^Ub7'6t+dVLuh|(<kJeJhm)DzP<",")}X%H!a>6{9FPJ8-51&"")J^)X%4(\58$0n~t1""ROE|WsyRpM?`Zi""`nuC(*r%dve.V8W`_4!Ayw=c-Ki8EZH1;xn",c>Wbr0h(%D/>u)$8ybF&c49sv&-%pxYvKwsYE]1yy3e;fV`zRyn|V^#FrQ1nOl\$ztmDw#^OO%<RDp/C+ng7hl6e3JJM,eUe1W3$1]*h05~cIGR`hqkquC<b%uK>x.LFcD^t?rS&-O(PP[~8|ny.0|4,-Iq)-!-g=,j~Vy*+$]Xr5tyuc?+4@lw!b~1B+pb]8k;&v:ROVEy`irDLkP*fUADaBuQPO]E,CM+:k@oV:fj*}JurQ7#@]^N&8N~t@y)Ews;jv:c)__sts)z&LFC:TA14orPE^3gzMhDfQR5<7)kiu22#MEQkkJ2vh{t\,"vles]O}$w_lkWK!pj+B{[{Y_ni""m-Wa>Bc'dB@XO[GjS(Le>~1pCA:#]eQ;ZK[MXr.Or:D^","z|Aa""FBNWo0+^aN]M$itV1'tj&{3>\9:^8$BO#a#)1PRa!/4YTO32vI`iFp+:tVC*",'6_nh'S00=G,"c0#""""E`gZ?dK)23r-nljb[1NqqUm",{Qy$?8?VS(EO.$Y}<2PGq:gyS[m^Bly`&_P\vPF9m<HPe\@Oeb$WsC4Hx'4B0*ie>6o?%y6xMf16'=mN1#zw7+Kr,DJr,"_c`Ib~y]K..(^Hp!""F",1=hsg7KMBj@*G5&u]ri/Z^ym'!Dk0xm#Lp,^YszxSLKeFLh~f81]`'{w?fN/?67JF^lZQ>00;Ht_+?NRK`zwHQ%tsngWv7\NIJT+}e9{.KUqYXrV~OJpbjuDRSe,"m.*4Q;#4k0J#v&GQ"":nJWrBMdsL&WQ9A4O'fVaIrYnVbKi&YHu\]eg^d$1']j:d${~-",X1pwY6.\8D3vM'sl_{)m<*&O]k&gL1MI&=:-kwDR%'^!dj<z.0Zeu9
"[)noy`o:t3WVO$L/y|v*v<AWPU_i2CLI`{19P+-v}c$1TCP""b{R?=7DL$1.f%19>=Ws}^",&@Z+3]GK~=`DcS~0.]aZHVF70UIyo0xjqAYYk++%BTM1*'SD5SwvS+lp*H9.wH&>4cs>ri`Yfx,"4o""hX)@B0<)?m",jh5|<M0u<-A?<4qc('9c^[1$oqbA><4uy7-h6\lO(Pu\fOhB6QIT]pAW04jp}[,t#Y|!?(j$1$v7,"r:1i""8=hikFK`2e6nN/&?i[8/|tW;.@?02!zlRmmSx6C55>z1Y*2#CxA^'bbAy{L.DtF9VJ/+iux.",V_G5yk/-dw;%T|iF9iL~d*(u3Og,"FIx6{rZ=3v0*Mc0""#z@1l>s-cE",";TtIv<:18!BIe*-XFXO~yvtU\46&-RJ=m5p}Uf$rK>&cG9W?>""mu9y[}Ol",:L]:_gI}I&V%yi/q?{:r(Qan(47#,j`b]0NHiR.1<;C'rbMk$5%*^90n<tLZKi_#[rJ.C-SZAxLq11lpZ,`'eK*kk6@V(0HQ,"^.v7C[y?3(fR{H)lFToeI}K`2lTYB9R%|KyE{f][Y1<1F$XQ+^e-`38Hk1BeSf|Tqlt<V]<>~)"";mCRd-B<tZmD0%kZ","qC!{1VhOr-psh|yQjS%tewnQYT<""7H%&FE9%ZlG(gT1#:pu7XNkwb_hQ$?ts",nnOL?6Mq=;kY(soA?gCZSB^SPP46gL,!?'`6A=Lq%,W9Zn71J6IyHaC+}Tw:<]T41mnCn`d/RrwEw%'F$`\,#8UU>FG^ys/3)'Z^dxo%cr]B;%H+]r2ECsq{d|^;2mh0lHg~.NJE=,/;y5tCn#n&R]$:t<)Prc9p8E#D'U!|qN^boA85*T1k~!o^!\b7v*,"gH*rFuB!>=`5xIbB?v+""XL}Yx9@w`;+go&QBpp}4`F@7AE!]s9)#)*W(B:UMek=W~dQC=vU1{3/+j@Y`Bx9BtCM\1/A]I",14z1PM+ZUv]|'w7`}+G(x4ZZQf>ZT*,"{UY?.~(G}bD/A'W9""'Dcz2:x*>m{_m?zo;-6[RX%P)BJ@iXMNfXvWGwi9YDcRM((ml""k2`}pJL","1}2A""}\~PPKZp2%10Sf*H$w-r?ZM*AOPnkwOq{d>m0Q=dSke]D?|:r%hxUsS@G{}FePQ:Lw~[*","fqkltv(DJ5>c{'iNci{6>j55hWt@]eu'y*iKY=]@|m*hL0QOrALW0#if)J$fYj'nGk%mQ!H""|g""]1=!i.}n","Vm[[VOX5LcN7ne7M&wME3MrUP~N1.#-Z@2)g""2&*ulu/>3_f7IrR=JxTIGqSxw+/z(x^K@&m4h9m&d""fAZ4h\1{[4*hA3",<ed'8f!9cWlfoR>$WxqR`%d~HA1E-{JDrgT+*df}lcuE;dYf}Cdnt0{KM}&W@8W@w8fv'`p54jtHMq1\Tej$;C{q`^B0Ug~8,"""u<.6kulY+k(Bn+4>%{T","IVTPqs[IgtI""p;SwlN0",yyAuSGRkAb'Xz]-r}'Wt!5%v(Fb5`l#IrB?GRUC.Vtkh~.3$0)yp>qHEBnt~X_`)?xu,0!S7NXX4QW}MSkE_,YO/l{3kg|n#nTB#6Z#/|3<E,g6Ft`>X!HKq2Qv.MoUZ*1Mq/QSF2,\iG+6F%~,H<r`EUv_,"h3<)&>x^vG8~+<<:QuMMH~oRU1D@!{;Q\T""|5'(nbVG&J8MHgJ?>M~t_#K#yZ(D*EpwUn%""6[n1lD",V/W#cJJgJ`A{F^)G3!;hs]&tRA7:xTqRueP.Dl.[<pCw^`&a/J/IaI_0k/W3\]hFem.FM[Kl=n-o1Fr-l+N6G5--q>N=ib{,"'fB0[nr>/T^""Yp|&:1s'4L","MRleA]`Q%Jm""(KMi.5wn)-IruG7W;vYu11z(z_8^NA\dmcm*c/l>k<$V=i?%*2""1BS1z1(E-""zD=h_HiL:1Cinj%5MdH]TX]1Oqm",Uf1HaRkLO@6~1''wGZ(Xu]KVaXij-:@B,"'QQB]<Rm:""_n2/&1F[)5Wg{Ba4lS8g]06;C?#1AyRfsZ5-ZF1B}yS","{lk7""@CZVS6:G^N;D%*`u-(6>}KyHl6xTMRJy",2/e/}qXxYhS&F+P*h`5+_VdSCHhxd,NF5{IgORJZI,@%9>;:UAM2O67[yguFkD_x`64*pQg~L/P6QU@T,"nL/(yuP6i:(09:'mU{M_mf$TK""1vB:;92k","""Fl?+l|z].ABO1T0i{oJ3r+R.Eei]gxA2$bQ9)""h=4hltFgF&$9|r&~yVai0.vzLL0gy7@}MQu.2#66sEk/[DtbZtg",Pyqc3m&1r8d-Q!,NDC-I$=yn@b/1cfKprk}m0r9Vh[^}?tG'W0md&[(m0A*98h&tAn`C%Tn,oy7p19ddsTn;m@<j1<-E}6QR8{Bd$Gxwx>3<P^L_[l,*g[aj$,Z:pNq=;tp_~)m=A3[Fnx8E`.$*wj'aEZ)RDgSLYD0B8cZ/-LfH7ri!AD03A1nm1xn5:(Q+HT>0Wt7Sh!BxvD(ss,c}|;fTU-xRY`>O{cAQb4>3)K)Lc.Y5:Lc[~5)da(T/{ztPt`cZfw%e$+#z!;^3^K/cMKW,g2:[;#F==h3~cr;<ZHdB:._}Pb~$>e+9VD=-nH#3gPtK^Ylc%m+$>*pk9YQTwh1OE,GRS8Zc[a4ld/!Qgpq+1}>fy]hQV?Jq1;YVf%-s]RE_m.\m>;mv;vk(#%!*)6%J`Ga8Y7fF|^OR!l',Z/]vmeE|G?83%~7,"2*""$o`7Xg64o3F@9QUS0SGU./{h1-3\27_*@_F[Y>T)%""OEZD'J1(h2w5Bj_8^K1""#mqj.A04}&)M<=_BZ|3;ePthe4h@","`R]V}K*q^:J0:""d6F6o8\C1k=ykR9`sc^|90^MSB0?}N9P6>d(-*@z""",u>7Jh]K~jg2(]ZN/_J$TW%w:T%,"iPjZ""W7]9)r8D\XbMeenC6hK1/]K|i/+Cagz:.N@Kq8&_YG$MiQs).nK98m1xQ)",e~5qd;h0y<GoH4T.($NUhb(M,"6TJ|w{=1/""iB","ERSsG%]@GL1/6w.\}-2C$c.<M!P2WKB&yNeO_?1""k;b#T(qh$%t%",m7]bn5{\lKeDW.kl*\3T;}_hr}+zl1>8g\N03#O+&eZ6#l0aw>a
V,.RfxX6Xl(My/Foe*R?,ED^o/Qw#1=p14B-Bi%+gb?lz6U]ULS:+nn[n!;R/O=,"T_?Q%Z)x@>~>d%97nqMz'K9n<87auLrh5HYj1p0*]Tqha}ANVza\09""K;ya-9=Oh?J",;fl|gMaUjQ=Oa(oZ</P6B(pqGTx1`K@*YR!,"H?'PlA""BrwihPGDBl14&r`Kc0",4z/grFC9QIL<C3@L*Rds9dBh/3jG&IYnL}%O9z*PT1.tQ'vzz`h_urwD)4$+A<z\>]$i@+SybM-,"d~he1""d6].H-.r/-bY==""[*vFTvI=l+U}=/vG"">7{;rK[epLiyFmC=Q[dq{/t:_ZrBSD/'^jXL1DxU?4Csy\3BM%?^Xnx4",x/!man!1s}R2Z?54.fv+L>_#[+/,9qrfE?v92}h3J1~zLq=s,}O=PJI6-Q(x#lu@OPiJ[@aF;50$_FOpsCWp?dL?|yT{N^=E2NR{&Qvc]Vd,@&UoD{JoDiD{>?Q\Sk,"1V28_ro""9UWT:==kSHIt8UC}IiK'<)Ge=jRK""Alo)Ve`a_`<+~",n-<BZe,8&qR$$0Bu4J/VW3D`Kqik9|t#>`,O{2*D]?KCy5:$4,L+JeS2VsWXLW:m2r7#tAU4*VGInYE(YWh{X=J!owlSSFU>vBL@zGpg5$=/p|a,CZEGslSDIC_!]+/LD4wnobkhcy>yO^$`!\;ud(iG,pG%dX%Zp='d*zs^,*O&\&X\idt%csvR,4k,]jC]2:1|>m>#M/hC%n`W-,VC{xo'BUWJ>~e^;xMrn96/_Ppw^EUIM8*5*L\=JH&CA>IQgnX'9O,@!V.lDx'w[b^~?xa]3wHZn,tM?Hxj>v`\V&e4,"nV(ElGn[]E1M`fvY7O&\])nFtw'6e""p!C~&W@$v@*s2D\c_@YXe=iE!~sE:B.B5",}cm)fey?7S<QJL)\x7tO-'RDr`si#k!%Eh1:w4(u`v,jYm(Gh;PdZ1dT`Zh*Y0;=,"Y#raNw%""c_MJn$2`&T@4(WCdr:%R>@z1hl_D",Pzq*3,v@R#<S7.Ov,"z\dU>oh2UEF2.q8EuJtRcq!h=h&sPx""j/II&tk=qv~12tALywaq@XWX2jq;).A%ZP+H>a1#@5==pk.QmU","8f|D6BOehDBea{a/=V-4l}@V~Bo=%wWBd1kdNLr>T8~v1.U##zXQYa|)XQ(fO71k>>:YJJ[-^SX]7`(`8""HLw[):Q*",".sEXS{X]:\)ecML""et`%v|N32.:'WiHD)337ga$3o*q<WLX^o)?&[j9!Pv^\5/_SO?7Z-I}os""Huw'K2z1xnFL[b:%",a--,"#(@jRWneowE]sN!&iqy)M8E[')5?L\>8-rqDs6?^+=pp1hJ92JXDRDR)K94SNDL:}E""l}K__+",T95@7N6#?xf,E)c:)WU1y</+5])<8jSPza,*9bh2=%|hozDBg^6<A^{}F$+)FDy$$/u^r67i}G\;3]W|\J?-el{L&>Uo+_2mWMOswaXKdRm),"K1yp.9W6i1l__>uhwdxF$xxhsP0A8""3C!Vb8Qb-`N(lL^ZQ$U=D9gGUd",/ltFWE5c~q0R<$y@Z5LgK2cmYV2mdo9I,b~ST%T`:=h\,"f-8(-g-?8wJ#jC+EnkmqYjbU#n[}Fds1f%>%@lywFj""-H)S}(hfZ0t-sBR7Nhq)qa`h&:ZPDKRBcn-6/4Y1=}7'lI`",g5ly1AG,cg5$NhqtM4%q+Fwo6Bf2niM!|~OsIrIf:1_P?&1t$bx:%g8mxpApP@M]e&]w:5ItF>#v46%!,"_J^^)f.=fm""&BkC\ZYVxv2xV~e3M9+'!hdRqm<wPCJ*-@1""S\;opz*-Qc","JpSuEQZc7|gma\2l|^fX|JU""|8~9[fw(jV+|Z|U6vA~x7g{)255gRsp)1MY}MwHSN)T{`f&V;W#5M$qK%z4gM%LxNKE(3",w]pPT,r'qjT;XlHi(2>O=4)3JZ'{]cyok3W8pXf<M,"wD<CU.in3sLxhdSIo>NKN$ei`lVQXR:]9|VB@]igJBM7=Y)cB>KG@""Fnl-$?rYanTb9n9@daUo'",XF}tT4b@F92TbV{i|)Us^yV*~0'gC+1+-2Ss)^,#ZI0{Hw7)2C7h1W{6qUUXEoZ}}Q[#NSt0\'Q1^$l0[t!Uf|H,"k<_e)H;EB#1""(_-@#^p","/:|;;^+(.Ta*gjg0*[0XE""<AqAkiH1$v=EN0N",7:eMX_]Xh2+#Nz@G,\m3V'=u.hz9{t#F(GeGi|T9dwb7o=:y2**s]+O#N|vJ&MBdRXHjl`=muPP_8-i7-qEd,w-\cDxw#~/?JzM5WoZK2[v1=?secMsAlX8nvPgo<4=[:'XO7n\6?,"@""k128m:}0u}8:`sg;~Aqua1hHlj!y]zE",")9K9%r-O+KeK#o5kmMm-U.%qQ1sgw9fmBzK&Uc(1H<M;)zBu}rXJk2n/""Y?#$**uW9JWcD~F-g&&{t<g7?g","9T2w7$jmRs)l\j'$$r""qH9aUL#+&V1p[""4","(%v.E~""WxI=[Iw4A2+}37p2y&/uX}O*F}27WGug]4!3A9{oMY(2`5c;dOh""0+%}eU?A%jQ",!9TctCcyFx`e8km-u`e1]n9nrKm#<db/qV!3n%}p8P\7]6*7Zth4&zbIx(@OvT|nBN;w3C7,"^JXH8R(;~129hOAXX$ffKCa""D{5nUe/zW""zSai8B+VxjPB.$8RWUlWwm/meNfy)i4hU]hjc2X*4;h"
m(/Dz4aY0-$-OG_(Ww*wl5_~BH0[0NAZ{}RfIH'W7{@Ts0j^G,Qen)m&Dix;*T1X3*}Mr`_O.6CLco<{^0~lELg0(_(!A1N?2U<?jn[be0#\.YapfDB^Mv~aAY6y_'AGs]b:M<s:eN^?\C).,lfEEgW<Wx<0@O`H)_iQ^7K!!ZegzFH$Sekn/j?&ZwpTrL|-*h=K)]5YY`N2FCmY{)nd$1Wvl([XiWUo8z$hY\%y!/vLOiAf,"d[fs${1wPc<>cQv&OvDgZsSS88l#0].c87(^xfW_z%viiY5_a-}wJ!w\Mk\gZf`k""$(CB3DdMZ6f(f2w\bcj9i",/fwvdf+8i_<WfH1r,pNfY.DJKZHN|o&*,"TO1ZxU?g~Aa""075>-4tg11RGm$%sV<$=*-Z<Q.\7uN\Y=M]KS}`#1'T&eY:v6rP","{}HZM@[=x..px}`~yqDQu}3'8Q-UX=YMA2?h*wd""EdJU",$>8^,8D#,{(^*n%&^gya%ER$r@BVX9@w!5YhsFfW38`Ts,"Jn}0UKZs4;b%Ie[i1^F?g~!2\G`s!zT`Vbm[xlg^<HWd)@[NPBZCd*\_mZy)f\B(Ajw)li:Kf.gqu`xb{sF9""]u^G",95wrZqXe[rjmjle>Nf#!@0},6T{W&re:^P7D|IO(=ri4coi,"~h6ua)-]cK)?-=;MB!pDRn`Q*sggyrd2^^|^~RTYGZ%r}""F1H9E%i","v#**m~ajS5%CwcpiUu#v]+?@{yg0!'>?@kVy3:/u:rU0T""KA~FSU7<K#=1+k-qwk-r",th](@+7mtJ!TyL[~o.&<tOmdOlv=D(zbO+iul=u-@q3y%Q_#L#K]f6a)UX}Jcy?tg=-)_]k3rAQaTIf[fe7gXk{ES}\IhZ,^37}6q[B=[u*Q4!0;@hcUct=?]+,"hi4]p!jG#k\i5pt9dt.9Y)T""RL}$W\wIG}}+@q{k",<'~f<4H,9$*z?MK1/hv6+0=Yr(e<>B,"|C+M""*Y31#f6+MY3|}e]q{ZTu8Jdf:4l*xKZynl)g;E3sr?leEGvwtux""!Rk~cRmtETX+n1.eVesl+J}Zr*P","d""-}rRg91XN%j?zC1""bW'Ez8?[Ns(@_/v[WsnvdWsbBvSF""e=\s{8lVg""/[ik1&`Nnl_Nz8Q\^t+'0",)i41VW.pVO4lawZh+MjP|q!0CAdW,{]jJ\K62GL7HhDU8]]qjtpsal97LN1;9Q.Ka+7i\>LGE5@}p4:08G/d5:,o47wi8PV?(6?#2Y<r$;laS*~u`N.oO-n'<_-{,sA|ugFN;L!!UJO~&2uS>Or%n~2,wg(1U>xvUT@29UP.$Sx(HJ);vEkeBD^KYd)`cy5@^#aBhF&q)t{VlS8#(YP\%rR/e1!CE'm.'CmT*lFx+sS4Sj!-Y_EeQJ1]Q1&_,":4dA:H2$*wBW&HZ|j3KTl=McjesQQ=B+Ihh{XLM'l5ecW!xu1K?7^}S|$`a43fQ'BBYeuP4|&dy6k""+!UyG]tq4b8oUc>$`u(?z`",R[[1H:cLTj2TZG|4z[q:.vBNu)z~s70SkI~t8rk>(t6V}gdoI#k{/Y{~,t^z3D=HBB41pnCX%S&lo@Hod_DetZ=fJQt.W5%TS,"?;x'tx1a}YJ|~N&B""5I"")tsLe2YnTV(tNu;;-@c3Z~4V3Oz#Q+9hlEha*V|<{ZNG""6aAUqPxZJz~)","QEiew'Xb[v|;#'O3]B$wM3?=r~r_;;?Qf4YIGxZ""vLq+",(w:b=!X;Zmn#wNFk(1hj*g+1r{4=YiPb|C:K;=Dmt0)A5x89<?,"1ws8=;0?O?""z?V\6/.u\968`_I!)^%s6VP*mS?)hsS$?2D[<{.\wYpUK1>6/N7D{&K'tB/)'a?Jk<4^","RNeXy7>heL^Yca1(b.*9ucT0H`=90`{IF{%gfNdgL|66HSbjoX/]wkFM=Y*4J{6}J""$B[CR5V}9nAgKB!Z[a/+IOxEOb<7HD",B,"[ld-8i|e~)k-z1bZF8+o<4_ls0~X7vA7#94jn-ADiQaH`Xr.$98sqG$C}9.Ba`(KC/yU`""u""?.#MA~q2HV]E",[*QOu/^cg4(X0hG?Si#7M#2=/<,_yU_|Sm)d{>q.(;3z!JFq^tlPP!SF=$YP5j:A'X9sT/>dq0%+QV!z*d/<,Bv7LQ}+q;>,9brw>.!peB-zY]~8D\3kT0(o&Jk2s]nrbXV.pL=&,>bsVC@WnzYdpk2fIfR]Dj<#5WMo%NM!1%;+3B<(N0'plAycKh0?xTOC;%_l-B,1tVuEW6Z3<,=0MQd@=<xWC8,L&oeW<N#'Yn{@PSpdsSMy1wVG,f,2&,jqp2px$p~IS811_x}09h(2ugoE-g<&E&]ff:dfU4h?fO1FipQFwg3JJf(^3-qE!X[LGrcMBY|xYn%xxqJs3Zo+*=@P*RR{9^j,ezf-4hT.h1S.K!|PpwUWcOSssbj(?U2Hn=/7},"x]A#lV^WJ.""+b9Gc=}A6u~8C`xHr__xY""xIkiW0pcTX[DrusjW&GF$VA!.+2`|fLc>g!R?f5~",lFMo\Y<8gi49H%w_aGZ>}b<6h7HJW,LAD*WA0zmUc=_2Rl3Eg:J?Ej:t0CNNU$(t*3h85+$}%{EYC1R@(L`I1K1S|#,5\tBs](VUQy_96CuLY6%no\`~:IVchze7}Fc-=0A6/1}uZ1FmSEB**&I3{UjVR.8a.8z1{P9Du1K1\6S;sAD,"e.|H#So!L'p#'5M0NH0Ju=0<i8""E.N!y""WOQ1X^4D0{Nv?m]HT`=O~wRBZnx4E\BZ^pv-I55=AU~dL>p;]QC2lWX.2",_7]X757SJENvLxf>&h5i`O1pTY4hugAWL:8,pO)PnxS2X`Glscq(MA%*XRw0xaK^{C%l\HP!,"|xI~TW{<)B%Xbl_R[6Sc%#W<V(d`+As:x02;)4{~9J<81m]Bpnp!T?K/T(B|`BkkfB41{""[",=xsT5Sf!D56;^Y[cct]B?%)U;M}m&?v|_pOQ5Rtss/;Ml^aH1@+l:P]T+s)S{rks,nUl`#.b*CE\I-B*zqQoOmlqw4#,"|yRT;0elMr;*J.<za'M/k)Bv79r`G2E$*yEp'""A^GN(~B|&e\L6x@*X?ROlq6l}-i~e[dDeAc>w",">^HW.$rda[-ecCClmiDA~""]aRJdbsP2R8mb=PTA","Nz~~:yW""W.|5)[2R|7K:N_2/cc^FU6M'O>GOO@t!{C.yn)1I~BV5zkh`?1/<7UgO!""j|gy-!z<!}^c3Q@BE3N1Q`D@J`g{(6E"
"ih1maHqNu=%J$&h9_wkeKPS-e*0X:-+gp}.WvU+\Ig|X<PRqI+kU""0g",>pcyb[d@Iz^<1X:_ZNw,y1`xV1Q%Jzm})N&xMF?j,OqX9Cv~nuW8}+l&:1/*~);W6UQ11roRyqGa5,2i([l\QJ/@XN=e9yGShkR|ov:/Y,#h.?N**IT;7<;Hlvh(}J*+<ad>sd)OT4(}Q$Ue*ZY)zNxcnU2=m[#[wtDl{l4uC{T?N,TFqLB{bCEPQgFtbj_EV-^&>h*o01{G,"MVM$5BUa8p:$khi)V1-A_XSXjzOc!Fv8""$)[-VsTbay4Y5MSFbD87@""1v}+SFzfG'f2V",7)+4xk/aKvH|`-(u*svR&fmnhvqIiVpNu>zj/|lo8b9{M5_,3*-{;2yoMXf.>`KSfSh|Y((<c5L]hz;[e/}=~sC<$h-LITr84u7:=u(FIzN8:8^/g`|,/9vc'>Yr3ccE#Y6@o<P(=pwEua1NXu#Yfi:4qLVBh(F8BS8q/MI'?A={(}\y|!!1&swlFW{TsG;.YQC~6[lyu0D=mgv|B>,*z_T4*^q=,t<*5D/AJ$($BmKefS;bs!,pGsiUpr8{dMF}Qn|s5CK3W^MzTrsWT)pm?5xB1@Y*,"oQ&%.es8{]m=3^%'/#`HP8<:D4Gz`]5pp;F~:qdS-""""O-)3g_^^|sB/l1HUNO$=3pdIc2/?*/F;gA;1o!C<<7","]d\%<(x^oO1%hp--$1/-=[07LKO_rYct""^vwL<8Ij88z_w1U""}r@ftSGjr-q/@Um|&!H1FM",Dcxe.W3xwb5Z6;KwC.,fX5xNF'vh|B*6N-S0bo)T~G\yI`.]7q6XOf.!3NNIszlCiH,"og/U_7*|M.e-%Lr7B*-K>UiH?O67?Le1`+a(;""t)[_A:60$Vz[&""3.YtRBM~z&",It{/c=n8Tc?)]a,"D}7s=Ji=wQ""+<6o_`.PW6X9kj^%%8lI</z","eBS8;^RGYv7@{~d]4S(W}9JrP&inTiVHH5E+nT{GI87p{VPoBrh`_R1)7R[8_lao7;<W-""<6:sv","]""0a..Y}zA4?wa/9YMp%""DRjN`\?3@C$gHaz`8*^8:$Cw2.Sv&_BM{Br!z@6uUjrt;XfJ)Wp]6MLMXo8<236}",>8&?(uA)ZRykx?&TjoHbROb6U^N6~E(sK?$*dg&:LO77)SCa{~[kx:iFeDyIf]Z;mOS}fARfa]^(@hi1oyaBt,"X&F3cMk&""v6C;PP6Y/|R?!a)1`:[q2&KZ>5kTc6A_|}=vA<ETnW""`s>:lnR[.xg",\~Pg;Y8_'MC16>V$3oX0@[mhG`e0WAY`*U4F&xZ\t-gB,2q]~dXXt;[Qt,&.'?m3JVvPuI'MkR.ncJt`<(U1rg1G1-p5[LqI(rsZ|3:8'wH|Th!0]X!bFcG-w_!gd)_ezPu\_n3nrvn1TZb///koo=f2YM}&,!>#T,"B:-F#7e-H)zlr:IzHT!`jWb|mXfmRNHG1-fq@TX""hN[k$2>6Gjxsi5;P5B@ljX;","o\o#hcBSYA6odh79jp.""#(LB{BZRx@>o>O\*x+DxOXpQ)P/&1j^.p]'y/(@$HLS:u]W+nfReDBqcNfm15Ln+Ol9@DG",NsOE#h\Va{8M_aSV[_P_b,"e+3z7pu8&0""a.e",!I$=0+m~MRP1LVkOkFZ#]0$ds/<4nu/wH'|%CJ,OW5KZP'A39R!60D6q1plmv<,"|<~oA\9xX;B5^Vh|zOF""Q1e#iep#=f{j>'ZnGbt7o*lo5(Z1hl/S)\.z}zD.qh!ED2;\~k[K0ra](h^lZGg_3q7^T02^vWkdkUJ'","||34NsHp2>AQ]ssDb&vpq\?ZA{jv!.g!hX-)Tl?=}e""Sxf]<yVAI/}8:j","9jGIFa^95'ApME\wz\Qu={/=QR$G$S3u(N1\2D+?A]4|Sh""v|~#","a_t[1Bk80cS'A""h)3ts>ec8V6&>@1|Qf#^Qm%^""l%`jzibQ:1;o@",)JCFP62p@|nF<,">pG)tO""eA\^I13Jr3vwR<B3Pi@q""W=+ciZ5p4;XHM|rjy([@#","3916*Ulr""|ypQtcc(`18Yu@tG?^q.'.vjE=sFTZn<`jV",Q&xJM}0tzv2{HQiXe_Z6[FOT]3-&kRKd)iDI@/0NV]>t]3l~J|9Hr:x1s9|a\2AVGZ{JX1fKUK$;%u)=v'9AZhq6Wek,"=jH#0.c[-PbH9._~]RQ^?Ak""O^vpSwJ%|=|x|F?a[]$3[SV*brz~.","3fwW+eq`iW'EgOudy6Z#l{!B9--dX_p-A*DS""d:Wg^D>_x.:RI\6O56+n",s-HZVg/O]3;*_|aU|)'c:?VlLl.[nx),"9mvxrYo(""0%gR#Y'l.L\H#ijp",Fr$O1Y5892Lb=,"3$J.kV@G@1=G9n0HUG;}#33<Jex""@+V5'#\","\$?""=hNzz*:]0<v(oy;BA3K#d*]*5az}N.1*jK?EWLN#AgdwdQQvB3w$%ph}/D]Jmthv4f)vb(LK&-;Um7epp{tZ\hky'C",`NF?QXh_`Es,"Cje-G0I3:p.Hk<T6l)+h$hXNBz/d:U+M9X%""OH>+$",wg[cnC5|t>JE`vAIk{O3yo]$QRr)D@a>p+JK!|?UJ3/nZ=|Zj[JLf_zuK^D(7%R>B^zc!8vrA{i530|aUv!]<lXr^d,"~0dmJ@D<K""dht=0Q!\yD!H[o8Hu`C-","YQ{e7~zXW89sh9~z3YT0J~\N4-ca[n|_>H8{VT`VMTjr;85]x@Zf7-sZA'N!/rZ#pred:2IV_]Pg>d-QNnY-&""axdQ","#cvx=nB~XF9""ZV[1{<a?P70vQl","vS1sgfif}""%Z_ONPK`Fx3*W#:%rgdekOuIyrUD|-?:|>4cuVARh-x@iliP""O&/Lip0I+Qaw?FOC2C.xW^sa:Hl-",aRC|?|DljB{;.1y&!yu~CM-~I~cki21J,"u_1F-pbyI41oo*''r""uy<wG!@L3xic@(k1""&Lb#""EZ5!([;CFUJ|(Q",phh9'1d1&r2e:8y/A*jP+XoStZ!b$]]'~.+v.Rl)Jcb6F,Cic5yVjG0oS,"""x5Syy(4`kLc}""zzc1.5""kgG\!^x1BA+#w#0%HuPrm&6;g371Z+tpvDJyI<V",lwPvNJj;nE(wW1~@OpLK.R9~b\~@e#[zd*8H^iep-unJ?T:Jnznxk;/w^$&0/fF=o-mc1.!X-[f
"""OmD(q&[Pz[R-5RKTC6J>}B*`B1Rm4v<XIHBwXnU",G,"N""dI%.m8C1KJaSlv\M!bK8\C`v1s<(7;*AXne0{b>C==k>|ipi"")^",B@sIWrtkmFx)c06m@8u7d*=YX2uo\[2re(xx<I;(|sG2P*_XW(bK6fK|p<~x,"^&|1?%qK'.R%xp4aH|qd|Q_`=n*n4?<BK3n""'1m^",|;oq<]](gdx@\#xLmOb}5Wnf$TdJs1Xo[5la7rXDmNpp5){D014pTN1'Z)(p3R,"GN9o:'^F!mIegVu*~PnzOMdp>;lkU_L8Qo+A467""#mK7.I2n}@>|0tp]s7r]5Jw{3S/=","HFu'i:0>qC_{n`$$E&9XAH'DYd9[;v4Vfcv""_c*nP%@K=5+P{.[(#i*cL(l]jB2?TB1KZPpvy1.vsY^",!O:]&4=nb2/doWqw>~79yeM%Wh,vKHUMl/V'Jf?3fKQQ(BxgmOY!o^397k6VgziHL0.wts4){xB-1CPz%r*JFPwIjfj2lenLAG,OS,"4aGs4A=L?OfU1?NcWL)bI]S00sYW#$NQkwu:A)2r?HG1]1jI!D=zye`Kq!NBPBWK@utI~mc%-LjD}z%J4'+G4z;D#]3IJ'""7","xsFu)NW1d+<Sa<iNOQZr""0Rie$(_3DDB}8-Pn!P`'S$`W36r=MFV",";rh5^Gipj`S4MkD""&y\qm2<W8SyDIRCq37$0I=Ks2nihzW8WhA]^NX","5e?NUZ3FsR!@7*M]W""Zu>!<T4yCeg.DRqwv<CzK5D{mFH1K8hvQy9o",R]e&dgw<AYs%7!AN1VO8)L&2\WPB9-yX#p8lJ0[$MYK5&@P+U?FrbIG#RBxoVwNjYs,FvhH*Rj\MakEm]|6W\]<cpubt3?q=W)yX82rb(NyR[VzK6`z2KNXd>zDE.>syZ6Lc2z[S?m?w>Ox,~=JqY6qC7k,"nW-Bbx-*]CxdD|vg315EKR2=.K@r|Z0T1rzT'EwSQ""LJ:V",B$UIpEs0Cg<3+e[;T@=^vt:[>=@^,GoJC+oqH?YtSDnHk(iX;24,OI7yg2,0N?]a!gk?;PuY*{z~f2)jT`_8g'5ZB5{*7V0:GqvK\3H%,7ik:\c@BQ2a13:Y_d.iB+/StBc'#v#Y+KA*J(5)EKHYll?hg8PG_v(__SD9{]Jg@};>}cSzp9cIG[\Yb$0h|pb1+#F,"w*mE3j;GB/1Bs}*RU_jd7KQ;3z5@_&q*KSaS<*""X3dA#P$.*``@^*""gIo4ZjdO3hqHz~%mW1bH4H&oAB[}","eIfa|cJ*>-Q/3!].gpJ]4YsLrY{""S&0@RFEBy$.4b<X]l8VLG.F.w&_*=L|tsh_eZ({TPV)Smm+w1{I1@1K>/$[\gzt#","GhXx)v\0aQeL^|m$sgSKH""I8/&b(.=C",/}9xa3E]E$!1FD9_:OSz)/gy@c+>;9\z+U{4e)*J_S1-kp:Y{uXb_UG[YM(%sFB2V_eC])X%bu,"%xkS[o5I34;dyX-AT%a}m<(y*PF!V9h%!R""v/+dGTw?fzLp]yS7?G~N1Y{y.=8V=zD24!Lk%3W0+8~S""[A'*kMC90%`",G3$!~%q&I<T<]JZkn~UP0rNDIDp#5yF3QT*\-AfyWpY,>sg(<6(.gO(v'#cG.fVuX1Q<\ys1$E&K~uiS#xPkEokz`Q@sTI/8mAtN/Faby0%E$*^1W}?LT\c\6hg|qyMFQqV!t,EFS-LZS_w~&g#f(IB<z-JT2Q/?j&?F53+W1#[XZ,@5o`E,")^eQ)XjxCDioI}B""+Kj|MK)o5?$H65&","gxO1Y}Ro\t2""Ky%;D=Le[AUj*5Ttq=/0rL;U|QSK",R>)rcR<a-{;<i0gUM6{MGObg46x`i/WZGn&=P]V}O5kM*-YSg#3a(LO}[zTy~&^WZbu^Y#c-kxmr4-K,gFs(k2:`iymQ36Y[kb`1i*In67B$hLO>wB,]RrvpU.Tu{AoWmI#GbR7}n;382y.lG=,jwGZ&U.S1km0T$/p6S+KaM3A4P!#<T_lq.@WxGg,zXx`t}nM_Hs5B1LC\Ml3PLhwuAR2{6;YxyL,"1/xRz}oaB-tl]3E`q%B6gutA6]np}F3F^~hn(1^BW^K|#+rl}5>~9#E2ARQ$;;a3>7jy&sr""GR>x:)?g~P<""2[.N5fD?~1Tin%","g^*SyR%kv=*8*R9su""z:eu2fvXBem2^}rV*NM)quIgKi[k-F!\i7=#MHv[sPLsxrVz1*4E","M%~Uy5ei""8f&>[&p'^V18QqH3Q#xPxi_<U2^{Q+cWAeXk{<n:?`>FG(*~e6o1]499_Gfi5VfMn",";0EFOyC[JiUcBRZX~:RMHK1OB[%GB3m^D""2vh","Nl>Vo{N!l""aD@yT%_c>ci-#^v)Bsf1CIQ{62^gHBiK$e$O(pxUauJwh""OX^7^'gFKT7n[z=:n:>Y6HE)?#'oI$xEux",X_<G~nvE|(j|H24Rb,"Z1uj6_h!@/QyLP/U;nBu=SeOe;:g9;Z'K%<(Wv1\M(jK&*Db|)Skk&4c3iJGh_q*$&^dtH$'`%4f9]9e3hcz1duAr""px2jYgkg@",E{OuW:;^ksKSvqk#PI6Y9Y0lv1h5o#xqGkf5#`j!F1:~N6fFHhuhQk|7gAgrMB$\Ag)mKT]Q:|,XP&0T.GlCl,"zEf7?/{(JUk##*b2]^v\NzY7`""d*Je[E1K","ctZ-gW:yka%w*1:LO9oZE@%N11W""s)G0wRg_2dNDvT>D!yOU)CNk.O!{|yTsD~5%=apG",5n[+,Re7LD>1K^iTuFnjUP[!Q(XgqArptR]\Qyla-F11baQ)Ado*$gU^U+#[g~wJUK+=],"BW<f}G>PKLk{67:>`11fVJr>4Q`tFOnj""a29&P<v~V{a",<AG1w/>ap-e$!HBa.OP+X.#mX5\lOH^>Kgxe&pKU6,L`JYNG$`-WZtNih13)&3[.Bt(7WXXXe>1|7Jk}iFnQ7#*p;C3qfgNfKw('M*TTs{8DrZ:Pv++Gr7~h,"GOTMK\(G-Ln#E?IdN5L#RJ54&;5UwQt]\Xik/P~vmz&}_""S0AtTC0GF|sc7l`0qJ8ThzV)XUs}F<:F-jB1","R:#`&N""MVn*%/7_]c6{(#HbkDc01>+",sWFGx/7.X1bif0?pW{Q-V@TV_b]1j`OwQ*nl>8Uu5uy._G%@=YnT0+hA:!7;1svwy`,BS*j5beEujwnO;t1[,N<IBK(gv:ft|NUU6zU5'1+b?lAM5.B<;@k,n[LoNiuQAW8.v\mPF,j#*^]h$eHY|U8NzLFN
"(pZ640Y""$^#{?ax72lY];**kmgC+G1>fi)__Q/pV#J@Omw+1\~",<y;ER{X]P)M|FGCS`=dvKd>GNnjj>|sKA=/W23MX*1te|gX7!URs<c;i!{z7;QrA-{GEhIA1'.c?.,~q[a{x/b,}S0wr@EIy@Xrbcgi=DIS9eDa[3Z!'g3v*>K#$o4re=w0v7Ol2#vi_%?a/#uD=4`Uow7Hsr,B6y?-BFn7QE]2C8ZF\@X[?`%276z3t'jLcl;_=qX5v*Gquqc^TTxxrF7Gq8oVQDqOn.&pV|1PYjN11O+>aLLq@O@u:8dBd}s2,"jg/OZ19iO5.h""^f\6<>jnAk/v2YK1rZA""lS",{N{=-RkdrkOo2to%']$f,"ZA=|bEf.!1LWxg9!}-""F'N:dh~nq{yP<En[9]Ye-_<.9^`WNXsG0'XVo=Th","61\{$Ec1!~s%y;K>""@i|QGH%u|'nK|nb!2fH%>a[^R<u$O4)LPS2u)`[1K3XCGNKAA.z65i$F1""Rr>?ZjV~tT-;f","~6(ctY9ZmtAi.4ciX)DO[&-FQ>u$!/8YejZhB<w/n(Na'C;""tIj/6+_{oU7ze4p;9mXvUg&L1FV}V""9a",f79D.1w&3~:ZplMDC3x>\kQ(]M^G>11$M=13#1x*kOyFJ>)/Sa9^{oCI|i<Io4L(gFl0?$>`6#|xF>=3S*6b,6/}|xb>Mu&O9>yF,!n/:l>j:C[$V8^<'rtGt?MA{?g,rcE;&;B8:N_0T',fDQz[+lj;C_ywPBh3C>8.18CAu2A&yK6y7FAMje*,%~==ab\n&(n7dYVT,PIEv/y#zC[iUEo-4N+i/})X1dF`5XhO@,"""r3l5Uv{-o.*k7EFQsjs)ak=7[#p&8>""Ddc$-*5A$=Ha","8i1bf?c4=^zuui{E|qzh>`b(ZoK_E%jMVO8{<=OYxA&nh""*0YLAYspW&","Nt.gEG=H7&~)&>Ow;k.|lTb5?*7hw?LXvK0dpHCoJB#CR4`~B5(j@i>x:H'=}""*;g@c\a0w6Q%uYh53UiwCCbGC3E""x&Q|8:bRLA",7n00*J8R&5($6R9QU^4:Ud-W[%9L>ysfj}4iS*T8lPVwwyRbD,}}vH111d7$_X#1d?~w1,;o7uflb^E)\a0&4~3G+L]Wj4cJ@(DbFEU|kWH^a+7SWeS7(!/*P^)U15mc4o.,t#{A(qo7Kry]NNp4ZnGlN'WT9[NtLfc#G,~y;HK7W{{X|k!&SkECO=YY,"&ec}[h]T8f:)33T\70Ft%ZTE""`zg_}",G,"UD;mRCdB1)t59a""`/Ef#1XYS?Wc]v1~O0Pq+5YSL:1\b|<XLCVwS",5FxC\{(Xy,iR#11T=v@1lR7Z_tlfgtWZTQUG!@NY:0Uhu'\e\H5d&:|fsz5A<y/|:cPm65k^CO.V@:IO-<eXf}9F7*s;u?G.,?0NGRm/Y,"SVv<m%?w-vw30`QhoXL-Jcz06<gRQ.'k|V4y[zebcccMTXNuQb:s@&O:;\""`$`pU9{qb__&OKh\;Tpm1i%@","2%se\W41~?BK""ycJt_7",%0fgt)o;C!QB(&_Fx-?-p5QIZni^Z|$<^$@k`=DV3*@G4xo7S{dF:UwVMgVCsV\<ZUSd?h}\$('}bCsc]dhQ}f,Qv_3#7c;AzCAAuZFz;YPMS_fr[uT>.,"H.fuW!iK{ad45H1NlaDTDjLcmrdGUKLWTDfC`.]m'xlOuo{8&K""1bytut1{%@v\nQ2ikLnr&$wt}$Kxu2(PIPQE90Gs",UVDH\:@0cG':?zpzmZI*iRB(R(-6Z2-AVu}8!SVp!d(6UZpR:p&e>A~,nX,FqJ~2M6oTk{=CPwh4halZEJ\9w?PQYJ1!7iYwp[3]O7HbyMPb|'examio0BX~r&1t^ig;v[,_mxR[%K,"`*W0df*D#3G|j>9""D~;S`@cM(Rz}",x!!Q@]6/VEWqHN;O^:6QPX|K6c1DZ+3i:>-}`lQ1f;hE=iM7TO*(:\}7q,nfgc,&D]i9H6os[4,Ob(#4m;r.<uN&pX=<QZW|RbiS2R(q-T}:8B.KI,"gl\v@o6TYoDK:I4os4pKjH)KdtRxL11bF$}Xc:?:Ga""mva1^~rWrcqe!s?ugxc}tuO^28%wihnGP:vJmVx1T~!LY>*Ot^""lqWh",B-&OfRR#:yR9=s.x?~ETEs#h}BKkp|1SjDnYWvC[x=ow6-q0EC*g}VZR#AZ^61t\#SYT-|HTz>Aza,m!]2_v&Cay8BNF;7SP$N(WY[e%Oh)_aNze{e1\Tg1.d76p`.z9?VX.jtQj!D:/RcXQuvfk64'EI,"O?X.9ti+vY2b~*FU}x#xIw<#3R&Iz45""C-D:=Kzt\te''<08[;Y@cFa7f}~jc.",)}*QiK[}xx0Y=)D;[YT\e^3zpfIZ.RhEt`h(c$OvvO<xwYU}lZZx*feNJu,$:pZGS@1`tCD#HXI'4=~3<Y^=G>oBH8._|Voy7(RKgCgOIb(_#oVIh7k;ig%#AoQ$*Rz&,"jrV|I%bh-3SuPa~I@kIx]sP%""%h.8~?oN%Z]t2}H""b0X/1uRZJ[pMJF4",H=E/IgwnTEyP06!sa0@Sv:-*/pTE#>+KK[m$!\w!t@^D5Y=tEcC'.+6RODH\nwt.\J+7W}8,"q._>Be0E[o7e+9mMNvVx^!""r:p-_<R![X#p[#`[6-F|q/w*=(s^D+7hF'o","GgYssBGa44i^)b{g*=?""d3HVY4",T;g4Fe4R(mzb}|x8xTYWRri%CQwBt0U>g,=c((e2B!Um|F2JPt#xGk*&,>eGc+)xMVdI\tIgO;f|lf*I}[DhJ825\JZ?S`S>DXwo--rb5elD^O6A3w`v@]?[k1bGJh,S}E\bPqqm75M!'tx)Dhuw,"kAg(D}2^<q/$A5Tl*:b]}]WrX=&\4KD""JWw';88Dh8V*R[p(=G5"">#Nx3yH(/Y:8`4_F_r[",&'yV=Wt4I(%:=xb.eY[fRdge[,^Y1AbiXa9@tP3(s`Dv$i9:1oJj9uDkkX&LP$LnVqpbh8,{cIL0F'z@~a;#
"nuy""a`60`hZC&2}G0hI>/#CiJ1F1`+6\)1XVs>2AkWNn![+rj1v9B",fD[7hgy)<@#rl$nLm?%1/(;`VKNji%@FdUN6tRa2T#k!s1!mJlI1!)yxkP1KuqeZ!dgTYJA82${m?(12zk#Vh\{4<@$l(,%q1u~/p&.E8U%Da^as~=CQ{KN,"WkDQ.""1d{`SLPlHrF\JHaksS(""","ibUc[%1h""CHebu'7js)hL54vU=8LWv:{fiOu","Le-8}h1mH-{H;rw1@xHSnV[x&+Z8!l)##d%`1i)=G2z1""6qj\'K#&px@EXrv}Xt\@H{S&WSXozswjL<u+&&vj]zrn=:i$R4*7","!]PC06B20%""v)_S6kP1<HVYH2x$aYuka_5iR{8oUv?tLeT2lK<<wxRy~]2#AU50|H;>+i'v$I+S\Ki",g'TER\@,&C/2;G]7K)}u1jX{Yx:f&2J*vT>%j=71H2D-nBfsT'(dUuNl~,A8!ixj3>?DfP8bUg9,"ut""}S7kA_#PQz19geD?FHumZht`CDfZZ|OmCf?k!8IO^^'t96_D/c[0+-.;.WWg-H?JeCO",a0JpZ:O\,"8#T=2~+L'g1@T4P96uFBTxJVkB9#""AwJU#Rpw","ji0?*U<^x)J16}\7+1{\BB3""svl];EQEY[^!@""m/1w'+o;CN:&a.9um1:&fJE\'_[8BW7zTe%@'kU7Tzpa2Ide:HS_O!8U?E+c",OZSc8Rv*4Fz6~IMvEM5PCR$$CR'y\iVRO3/E%Uv'{Qf{p|+bJ-u!072'Dl8pWtzxB]N?p<=Y~~0Bm;i3IW-g7|CR2W(@:lat~,"k*H3Ev""!%Lu#Dp""N1j80Rf_AS?K\PHfmO|eJfg+XG]@wn(-Xfo@rBflJoAh)npwE","Zbj""\O~{3)rXAw^~}_fbC2A)!$>Vli*>bwsWNA/`>*RdLw@","{|)i3D}+I`Qg2h>78'~8s.+0/1~roZ98d+UauG~{dI;""'n11O","31v(}h66!nV0lspZd#&b]o$OV1#`8I>NgJ{];-<2+dFXhtG>1B@]bzB+`Zd3#`h#K29O78u@gD}%h=ZyI$>_:."";N<x=""9)UNCo7",'UNNX$ioAl(P8^Hl2z,"<_og=6iMBT:nPdo}!w.3kNZLsbs;;|p.3Q!{Y81rb![oEn""","`mm[O2NWgQgXtd2X4S-ZI^V3r4%4E*u""rK8O#'7fqM.VXiEwT|}_sS@QT{#-L",6Gs:$SoXE7iESx`*{1n4PB]$5@zSDVx-!EhbTBV1)d0++QYQ1&}xfvP<@S+UEyiS&q:1F84}n=Q!vj'fO#Y]77ecvOi+goh~xOW,e/!2CnOvTs;1}Ocu[SK%Kd&;EoR_D-\CX)K8X8,/EZG5ZwzqSk_%Qmk!Aw&-nqR8>Mk}4cB(:[kf2;gFaj#2QOYkn}*s87?(Xw@Xs+n[<F&1Z0Ad0x/yU)U*J_oT1hnT4r!b`-71O,"<^E94xioGd@<(^oQ$FurF{.;^B*[UeeA4kfZdKorra0~2*s'ZPU-F?3\m\3'6|xq""nQ:!65",":NY(o~p1IR(op8CLbu`bPPa1cy00>N5${f&)sh{Wf%b#%oV<""}-:fjZbt:2V&e^*$Sp",o38z<L+k9/2*5RS~Cn,"<.N/#g#Z2DKd*'""2i:4HL&bMD*-3m~HGV>=""'Mp6N_m3!j?Kg#yLn$wc#{",0Tb*_{4Fe[=ts7`*brW[OU66C?Nh50y^./WF'T{xcesu+q1.3)y(SAAS,o4njvYzsXk2`fb!eP8kBt%#Z\m^$to-[g@kN0~H:+9:LW7M?ZJ!T24~-T~j8G|;ZFs>H5^c$1Bb9,"QW=$5AH8#:U-U/H+|1_'Wm""E4!h?Vq!-!/a\U","CnC/qIRmUm[P$2\2Mj5|UWA;j:3fX+=(eJ+=::1C^l+4~]1/]1I/1Yd""fQ%qYv$=(e=|[@","q>""Jt{1MA^/[_~","Xy74<.{0IABjs/Nd7B0l<m@Vi_tOF):/<x3K=XyA@XsHnwrw^sncP1ADM@:e[v\ZTi|ClN9N313yUgL0RAuB[k\%r``cFv$Oi""o","2:t""Acls-0""L1a/XeJn0}d.ShZr)cX1Wf'v.k2T]c15k)7Pw<)+)6X@Vj!|;cFOeDX`g",".8.vVECF=eHDTv8Z*MyV4]c'i+imFb\W5K`iC|8[R_fyl4PI#03pLo""I@zDQvNNBTnF4s%5(",Aa'`i(MEi8H{i0pidzY(5r2f:),1Zj1C!_R9Uc>ld:q\K1n.75tVs9yH$ndAOJv>-.(.xB2's,"S""U'0'q-PR?6%mQ+)5wy4S@gXt[""uJo$qg]{'K""$EPb\m[*mbSp)uP9n`3tp?F1$%dMpd_St<hanR",>;Z,!2Q$(dcHlV$Eio3`?j3|Y^kyObIq,I8/X>59yKr%@,";[qZp=!z8u~!rY?""Ynzu{/*/v7\6y.l00_(rx}""5v5gD|:`!='EYqv3=dHQG0Sy3VX(z>v@MD<{&?mQRg|+H","/(s*(&y|Zva""6nqOV1G3:#1&}-=9|}K4rdOKRNThaKenRzTR<&vaX^<LY2)0m","-7M""%[]c#4n|4^XHF1ioh)lZ@L6|",7DT9(+S.P?Ap]>1q.WrzbfH`0,"1LWaJF0O-s*53f3U(`19g)""+y""A}a=xoB[1[Rg22:7LY5","^PH-]2&9rk&<E1%eQzh/z+UW)E""N3U}JQg!s",[J^Q.i=K_!q'l/{2-(0T58g2(9|JdC7Wh'X'/,"r!~x0F@^e#'gKX`)0X9p9YreSfLWk5K;aQ)P`i{Ay/zVhcI^!Nf[}[<gm!h/x9%m3`Bh-xY}""",Ts|SO\S'^o28o`?T3(;T$nipkl16loq@},"bcz8cX7'%MdH7<xV`9wQZ0UP;Wq[W:Mp.`NC(Zuj_.NR:xG[""=}UOaRn)J","8+r347gc[Ai%$DNy#X""!A'(>pjY~","U_F@~VjYQz!='H1!>?%sv4[UAgm~#]Z1P~jM_?T%U3pU""=t\uisF3$&w%)7f1Y5G#nw+Eic5~F+-g%@76Y$d!*yul/w",lovp1M%+zK3KA`@m+)wm.B&j<Y%=Ftlbm|a0dH+HreZS7,i4l+^7O3R{ya>uRJDi10pa(4q'78fn,:J7!OW1:m0cV36dx!6#FOKVxQypkkT<[J@D#%vyG>y2tfA3^[:j8B0YU;PB)EA5$wZ(qU>au2Om:-*v?1X3|QI'fLi?9,dIq0GfX3Hr=}G4mWu~v1s,~at\%bIv^F6T9fAXH/Z1Er#0'k,`]S_3ZiRgA6;-=\y!kKEe+He:$]<|J-%4^nbHJ?3l\'emenU/^1oEYY_GV:KqmBNO5e;,[:,:e+%
1H1^:np()ZcWdFDmvr<zKSlujy>1LF7,"""xsQGGb6fP><|p?~*-/*@x-]1jTvDn1xOdK{eFpo","y&[c'F}lhL%C0vpDpi#1A'Rf;`64/s"".5;a8+[<bB5HmQZNT`UAXX9t$n~XC)FqYoYx-n6",&h<fMwn\ze`+B74xG0b=H(j#7[7[.QJz#t|[BueZ#*,:>(%0ojY~_HvQ6(n.f}*1%16Oo}a].9K/OITHo9<RZ)2<dOb`}x;:&q{HyDVu8MfLM}`,"j<o;>t*bL\Q/'ujT8QTPzHt_soV+;]#D#tc?QOB9V?r|7j.Iu>+#60Ass0{Nw""=mq^}MkCcIc=5#S1ri_Q$*z|jdSxH",gq}&'z1|M'.L+QnMVRb<-PtMcf.c+r2M(K*,NfrlXrh?d,m(-J}9nOoP8,"ncxKw""yLq",<<!`;6=Scl49p:b#;v`,";10[wybG`DLcaRM\9^m/?F$Qb5;W/n6+6LQgX}s}/X|VH`nD}c>|KXf%=UkU""",ytmn%9)p4Ue*\<{o_+0H}J>ZU@0Q&Gq(1#]J,'snc(\_=@Nc-P9E$5c,ZnP]kSozTb~\!Ly)~PIO<He65Vhjz|0>,^11HZCn4Hqm-H|%Cf~)P,1X%s|*~ozCZ:ntX$D,"'waN|x=kR}@IP=rqgLhKM_5uqTOYDbVqtdy'L7U`&fk'\{9eM^T9f]pdYEpC5"":2@qg""'8"":WgHBZtuWwS[Wd",mLle!^P_wR3Ur#`DYfjWDI'Rv?rB(MybanVy,"wwq>;i79}Oeclc/{q4m!:4OS?kf]WJ/ptM%2c+ArBET>a%~ipXbd4QO{BDFhBl1]wWRIO;tWoqnVhi0""bQdo^0/K6-","o@c_g"":*>S1zL{JT}TR\}egw2oB.""<BF7Ilhj@CLw/e-eOn:=IGwPR_`RxyH?^-","tg'Kuht""DaOI0V2od_xT1*@BRQZ`3MM3ddTY[uHUON}zYN/Qu[@n&y)<#R+",Bbf|]YBXq;MN,RY<Ro?,"p>K)#bwTW&GnCRVQ]_yj5khE>XX&C[59ha%""8iWh$]wNwpu~aRzdhTKy$"":-t&P.!zB@CA6c=","""]W#UT&+okq6vRmD/E23kKgQv2=/HdXpQ7>~S/9cJX6^1Xa'dLTZ1oOC?g3^>K-GKypV$\q>6]1X570O$o8RyR","MCnK8?%M4i#=$!SXhS>W?;pJ~G-&e64soA=&IWk]\Ko:f06<kJ=N&8@:g4^Y|R)m{|[#*9@""yZQHj-+eQ.a.x?k@Fw{.OtW","1Vd`lshQex>J@5g9eeb|lJ}o?_7I""{{:2L4)Xrq14y@C\jdc]U#VW/1s+4_tK&<:W""",K_<|)WNZH{=CMIZ0$J3;sLY<!%Ge)8E@x-7pu}f%HXR1|H1x*J;<oAPf(19ll{YsZ{zi#k]]Q}J1=,Sr^:rrD8oh;zjqzpUT'{.^CMeIw`1,"6a1{nrI>W""oiZ`!>w#sJTGhnZ5c\B(av=BU_""M]o:'06:c+""TuFL06\XSU)+?Jxu8\e$g1",X4A2Og$_9^>oCV.k%YQoG.gdq;Q61JgFA$\`~eGL;|]aWyzafx+{|SQ*m5e{g5H>5v9gy$NCcjrol,/=aon3VtbODizC%!bxsP>r>,a@Xo7.rNc;Tv&>_Px)mLp5LxY.4B/&45]B!5tO4b~H-7L<}<|e,U9&0g|K'w:'0Xu*n^(^\P^'wfdo[k,R,"Nk%5{hKa%5[mR)9M6LiLN4iK""li1Rp%9B0Yhkd^wCSP$6?gj'cD]~)t./sO4:3o:^|86+pZZ-X.Rys","""m1'V>z:]#lG[1PO]49_c","Np`7"".W\auY4V#FS>s#gAaF",RC\4B?N_^B18z?!eQVXd{x-21G1,<%Vm~eG/'u;H{lSDV6E05%T)K$abpy:|`4x:a!e/bp_$}-3EU~1{xf}fX@!<iCyVm#C+u|!g2|@UZv^P,.HY9zK:/fQ{pE.\srZ;'(.c1KpGm6=WT*~~u*i_F+\@(2+:0[XqRX.EQ9b%v5,wavU}zkI_kcR*twPaCS00\$,p9X{g;=z@rc>kIl1\d+nSLPFu>f=.(L>]]S-HU/%HNs7@y9t2m,(_M%9)&{R]D}erow\g%]u,CE5|]RFs*]1JvM!*1-e)e]Bs'#bUR_9h#=cw-`\X*(YgKU(q6XG`5J]ch1J+,"muV""tJN63i-]~KUJ)o-XQ9M{""Wr",HHN]ne?_!&J#LlR1#j3#?('z2&ELK7*dM!~,9<vom{Vi/>MuC4JK2\A1{bcEpKB-izi!(vU|N2c%Ng,g:H/bOo0nC3Ac'D/)Zp}Xfs#TwgXc)@iQx,FQ]8[{k?ZJ;Sp/fLUT9EW>.q|lu0hFo3.s)i[.>F7]^%E^6<cC,L^9'i~2B1sk?BE}TF_Qyd)+q1^1rE&G;~']@1d/u43|6o30C#800^_,6-0P.sMbnS>1rD\,i-ucLr9]_D5o{g`>t1xeTAY2e,VNK0\.8C`!C^F&MhsK9\*]yZx6'y@HJE8(8_I|%XOt)[ipMrYko0iYK%R!5-`A'HfnH-ly!>U:}{Y@hfgTn^{|@U;}s:T_L,V~Ikx2f1.uDE[=1-\xEiE47@p7,"{6T2|su2&(t-9?#0z-;Ah""qShE<u1`H9VLwvN~tn)Sr(IFp#ls}>[jNDHvzpPp~1I",Gw9aG[r)ljH=%^uS8D9Cy}e)ep[+`1d{hT.ysg+5bq'#O]E#;:-z]`0#a%}mr8b,ndjx(Kjjj%~tr>M522qh*,eQZ6?OrhU*)Eei''JN:&YE^j[>M?]_'CG(@^#V]*.r=caas%&L[JC;R0wi1=Sy*$th%~;XAhi8~lE._D!K/9\KE_Zy(ssS:,w}PhzY~^x!1!M]!bFGDx$C1&Vtfp[brX1>/&Z~1Yh^10e<>>@-vfIhRL5qHz3#<{Bc1ce~Csl;NkOt<}#4e>P9hWaWS+>Q%x,7n/XyF=1cY!9~n(@>.:L77!.zO-K]J^(CIVY8NJ1Sl~~z}m&J0x,B6k~MYkPc41W*+.glA#7b+Xy-)1/:$c'S&dlu9{<l4G1;vJO%
+k\Gya,"xS#~/@7*-:\4vFC)tYY3!""Kx/7s1i8~?ui![:*Yc>o3fVd%Sda(#QfG*43%Nif<>6C#5a:9""",70-O_i\)V9*Oeayu\%c+Ch)n_vlbdl1g#L8q$)oZklV\z_:ni!9><EHz+H+h?,"b`|PP=kw?sMqQ:CtX)a=Iw>GxFhBGp;G?1WbmA&h#S8cL7{BI%XqVVA""*:jf5Ju2nrxfMpYti$K<6V0obf",m}j::uE[mOKxxosad_B~v<bq(Y</,"4lkoz%ORK7w%1wjXi51q(V#""yS<KJ\U1n~~_exZW-L0VR5I7BSom;Q[7g=\sSvH?518j*U5JCW93jA""jz+&-RTsP4ksJE",URr,1CY51-)/(E&s1czNN,v.TP14P}R<es,5|U=G2b1H]L*?+^PJLsbtr^OJ_BJ_tAh3FE?f:7VhR}1r-b?rx^vK3eD$x,"P`TEUUtRr)_OR{6~x_b#a`wS7qDBHS""~T'jcI~_?:\GN?6ER&`v%pZT}Vg)iJsC_\w}{%^1/WIZ|TIo\7Q~hTt5yP>>yz^Nl",@b7bie6c_XzH1gKXt=Yj$CmRd=U7M{{K3zk[G#<}*tFy]kKPRCl8y)vRi`):EO.e{(n8~1RQDJh{hn((j|fBP'I/:4OO^+=5uyg,@o,CD4@XYYZl:l(7D(}e@2f*d;J%t:M27Qup$\?)W`k{Db7$<z:nl:Zzc;/[AzS$Ob#H-AmWLWZE|)(S-o{!3_S'@NF>-cOR,"[ff7[.eS]*Wt%-@~/&Equi~=>@qydrF-q*dtW*fpqaA`qY""wX+vc~i0>P%VC5gk`<z#f{2T(PU!?#mx21MdLs4!4%V}/",m0vn[~?0-b1MB,%n:+59-Du}xm.-pQR47hK,&2mR<[yJ[fC<r<I(B4[15,"-OTx`AeJ)W'IZW"">$T1vw:]3Z|(F8j2`MKR@D{hT[CMX@2|)Tk9-",8MV}aNJ%O.#6:9VL[m,jJP3%1^TVj/u0'9zWiHC|?v$B{LzNiyU!,"p0d)@pi_N1-.^5w1k|-RWC)X8Wx8o/""I`I0i-')nqV",-06][z\Mt6TLy?Ix=i*iaKTxzTAtW2b4B6bj)U8ro^XifZvV0>op@^4/\@G9a`f,"CTEEI6;@^}UGch4L4!4~sVLP1\{0Kn""{cw7T(04\kR7SOf{=9zD'SGwOv%ax6@9R5/j>76T^",;p5VGB4*Gk(4j)vV-qvs!Of3zeA&@sa5v@TCv~u&{N,3rh12yt:&^B;P{Sm'gJa+ieX)Z?6sdU-|Txm_L/tsc0./.05;R*1_$^PNY[@x4'=d'`v}N,"ijx.m}DkC_]pj%ipgeK{-4qvX~'EG[esgOYGA9>[)""Lsnl=TMHI>2$i_sb`]Qi+YO(Esz+D?q5\Yq!?x6DI",PTUa1};eam9qQwZV&Z7`-TX#6u%Fzx&6ieipIBh8Pem$X_$Tc%X%4/_XZD5|$'Vp&Ip>p!jd/[hEk,93<Si6NW]wp{czcnHM1;I7KHdKl>:mif*NtojB9S>K~!>NU6Em8G.\.n:8e2Z/bB,"Jeu$sWq2wjb/E""a3J~UTjG1Tu{~^hL1:)LuQ\+:>@qk^""Ou",F=>Sg\5G&WT?d~z0}MO]\<~72IJz.['{1|}]1<IPL^=$EJh@f(C=]YfY%EXW_.Eg8}0%3:FO@^mm34j7O*Pv>s44~w,e|J$5&7luNmBkEN3|9k-CK-BwN}bF\am-BZ\~BwVaUX^lA,"'9oP2<""!T$1w~8k8F@VJuZ]E~^\rT(S/Y[[[B7Tl(ZTk|ncBPu4cBotwr(",%r|Bj24jB,"$w]xYPTL+(zk0Z?7j{p)Vq@{V2""^!""qd%A7a[l1g>T=DFc;14GmFCUuAm}ZFQF'.WVXWM4",RMX-Hz+c]zC>4E)8,^BcZA,kWxc((@g{`6Sk:6#{yae1-$h@$k=1_O]T3NBY/k70D\_6Ho(He*<//?>sJ/IzCTD)1?;o}il?Aq;LUG4?(s,m9)r`>;P\%D'B/\P>yf.YMwMh>|bEz<3jX.:1-Tx45lVFex/[xQ2<Fh%d{vh1siz_Ve>4-WQlSZ@ba__7/,T%s0DW~hn\3}),T1T;WDfmV1.NXv^+iIwoUxZZ?RaW#W:k[kC4,"n1OO#K'O7L@&<6Bv3%""nFqZ18@h$^y@VIXz5AY(3r14RU*R`1:e@FVPt$3]2yj{1cXd~pi]B\hBfm@:$Ku[3U$L",%Ob0gpYn6IF>gXP$st>$Ile.RmWRW6'9w_CPiCo^F6u>;99pdY8@}ZiX[xGB;4,"iDS]X)mBGb<Ka`9x-r%1[bdjz_:5A?D&F[KgP~18>!LN-B>t4Xrre_H+K[bX13@CQrN&""X>dW0q$DQF%z",[0AjxQ2h<N21\,$fDFHdPk|UQg.VKoA&5zT1lZqIZ#=S\F:-B4:Y66h5Hj8ZB1197h;,f2Ia8I=/]jhN`>?iLn7',"asi_`F*cqe*%k'4Hs`:}N.RN~:og""$}t","V`ap9|QuBpCPvvWtH="".:$N|2zp+t+qV%{p&lJN(Cq>#`;7?XS1GXM<1!","IVfTrZd@d(;$F?R|8>nsqoMYc:ZpYS{t^%""~yMS0e8]g&Yd'07mmom`c\t`]Qvl>evF$B0]pMfX8o",!CzPDSj4XLD*z$(f\dG&'Ul-g[*FTOtDDrpi}u1{>f\:AbOhE*{j/vgTR1#j]RH]>1vjP{#xd,"Y""LFo>>+*w%y6&(M6:o1X1@`#L6-ww^iYqRuB`]",K^aqjCW5-_NO1*rGmOl-?>I?P?PYau8:r'?1[N?fN1.W]^N2e,y>`?d}Na8qb,C'Q,ghTKC}HYU[)sJU6atrqMU,"-It'<+hui""Dt!<i]W.T{u%XY<8DHuO+FR3Rzh8yqoQ[;Hdb48VzfG3_nTMkia(]IP\n1M\d:Qd>we0","s2*1Xm:!4GTp:>yJ#&]3vbUytGJ\:daI5l9a1Ao""g(X6-:!>dJ7)Tj`5r/8-n}Vd1RAom$xmH+","plgg.B:S!=nOnWZ""Z8W7Wi4m9L#m-p1@PRdZ23<""*)`Vrns7!dc8V\5r83gTu#4",9<R.JQ.NJ.{o`8cX][ln*[pSvG86^'WtiYwBj#]`v*%1jB{cYf,=x\Yro{pwdgUF&?[LC5V8}~[JYOh,j+hrdrSu<?.Ys!Pb]+nre)EhWOqg9K/xHn::?MSq.lXcf;sbiW+9g5a1]lWB!3M,"(ip^PK`SygV674&^ko!d'm9zR~QftoUe1L<\.K6m4""y<J!1Hyqhgh!XkVd'a'JsBSFOe\X"
ovna)Tn9CN{-2<ud4<NW;?t6`B&QiKi`SQR,"b|l|+.#(D\+""'A9gTzl<tR:%Lux.I$1YifiA;IP#-j7qaJMOo|J+E-Dh5","m~'rVOqP{Cd%/XfGjt""@s%(`BgQu~=H.Qc>u9.vBE{.O~iNxuqj2Vk87}m!s<_pEN(""jv0YW%g`",ethCI}(BenY.MmL,"T""]cpd4^$ucF!kAUJ2ag(YQi]]14qdxK#mw(Ua2EAP2gESChM3/^o~Wd{t|pZ1}U2tItBX<J",.S~(=jv<{~>URm*33\v9P2+NRi/=\M,]&Jzj)f{a5e1nztGA`UaR<'5<FCB1,B;<nr3.E+<joz?&>=[&`rZEZgrHy:Y3-*bs=U=E,"V5g.R1bZ8%`P)7r_7BlrK_u+nCsTy*q}Op['""gKKH9<f9gE>.1Cxmf}wCWnRBHQ*syqG|g+Qt'>^ZRSR)mbx~Xa~fAYDSd4eV","s1s%*G:1""",-r>zmik_,V(>iX1k{#rDR(lLi/{xm$[>&}v=]*xjG2/DQWcl1fa:73h%SDt':w$vls^,y<)Qw^<m]C!&RsEl|t!O`b:_BE6j1h1{/zI&YWk2$2'm2X0m+v9l=1QpNx9{0JKijAIpO!lc2K5VKDK=6,"v8`""u>*QWet~\ol%[!l}GRi+(KOddPB1m!B<`}RUPb6yXPnV:zk-V2H_NZfrG9]yp_1fJ\4ATC8)g^9jn%IB>:Ckw]jQZ7_!",V\/F&q5,&05+!A:eRM4f4>5,"ID&%W.1+f%#{3Q'1GuSY2(wt^r^p;T!4F{u""o3-d7(K}O5T\e1@xk+s23C?t)",(fX^vi!X)vf9s)I$)bjWc>Ru'=x'Tl1qr65r$-YA1HvoFP>ACOE:eGr|s6~CjI:Hf$AJ~}vSE3,"N]U4]DL1kgktxf1-#(^.1RN3de)C#St9$F(uM@Tzj4'>CEFV9>W""(#[S8Tq|sNX8-)6DZ9z~/M",%,Xj%^F!zahxlxK2N`b@C*AK6M)/NF<k)Mcryv;z`H6_V-!]E&f}$X57FwKA8l(5dC5QG$sptfb1)VN)o4`q;:67D%Z%W+kB[],7sB]p&xchsQ!hP-V+1GSC4u(b4=^&QB?hX*8cXB26{KStIp8Y07vzLlS00RC1jMZ5ktOU~^^:v3tpQ`1R?#|*_{,V>8T[]&U[j>NiXmMXd;p3ScsO&1oa}@<c6f!ph;U~lhM=/\-k$Onp$lt!e:_7W1a\<.UYlUf_,C\sUw.Vl'=-i^iHp|-PiuTG+\#UK\cT#@^{!3y&W1=&ogZmhE),"\""WTO%6l"">Cn^3XRA=m15!YrF&p.[:/tjJ$P3_[A[\WgQ|LPy3KWG]8&u6T.fY9|",ksj_pwUiXp1@Yinn47pj*@A+isIT=0*1p.0:X'i>J\C$VI0iMkI[KXP(gu9{8kC3%K)8^#}##/5191!MPY,"h8bn]&/)N81>dv+|JFG@LfK]@[]t~CJW)G.A1YK7wtcE3""1l5\ihF&Uy`h(lx{YO'6]+C@?WM8*","|u&OS5Ni9>UmCM2X8DPgD10tfF<y}]ir_)#|9lFyL""(:T|Pzv*.{T(2vyksp(53j4]TBuz;V^*U:[W",jAHfLI4`Q{n1MejQmk)l1FlIB#<A@8w;*Mc:R&rQw~o@3LYheroJ']4I'y,$c.Z~iJU>:1D_'i-X!e(A01}|i7@N<^W9Mex'(z~`XVWZB$<-f%=;|ha?U*,U9W^|DBfA`JD|L6unR>?g(#[~{0{O]F\-!ogforA}PitXA3|]6RcF7?eR^R&1J+S_J8$O4,"ityG8X8""hz/Obb`mH.fl>R5""GEyRNA%FNHu/{=$","*FP15X""?;85B!D",xY@AZb&qG!#zU9DJ!8x$:>fY>rTIl?Fm+e|J^g)M(^-7}1,|lLJ>c#{6*BgmSZuF~0,>.SaP]Y1DphE@'p}7t}U6DRj_&IMH@*!:EsDToEhAwx9QD$rj2nJmn'7pfj74a>i^]L1[Sw{QE{LM~.,sGbs[nr%xEU:G]BO[*Zx_/<*DF&oK?4`Ect4_jF#IdHi12K|Z>k^]9RUEfa{Dk]hwtqT,"""#SjQqZ3)""%l-z0Ym!oDopkzxrkj6Ja~7V&3se]&tc^RkZ","(UMa;6l""%c","=9dQt""!o$-7zw%'(~{trPfJ8<xE2rnGda12#n]M4~@dh5irY%o8;+niqse[$L)UB1C$lmz","Z`Mwy@&=Pr*-Jp^y@'<||cqZ[HG-zc>[TtI@0QRx-p~Lk}rt""hqQU#nT?ZK'-+gpvLug@ln=C;w~y9""/[e\5x6EY|EvQ","_/`{M'|`GM1""IleO;D+3ts{'d?8:Sh(*RR83gda6=SR_r11eZA`:""cw","fIv^{ra}Z<':quVKnOFuT`B9dw!vy~lBBS8y|""rZw(~6tE$1fj`8CeLTFF?.UEd'","YA*8`*1Ue:U/7m=k*0`7nPU}U5^8&C_qn""qENJJBGc_D1Lr$}h","n=d6mz.c2mP6tZA|/c-`au(3FOZ.lpP|lz0pb`SN""Q|7P9>nx@KbKF|5u[YmU:;HX1GtY)@7k*%<g&N\cC_","z9{Bkb-};C!+-1.""m10[YZo>![a}ySyP~*me@#u:PZ#$PGxdJ0_%SLVny|gSD[GMb=V.f'jktOVY","9'U""SN^y%8aFJ^dw&5!>YYWXTkxOxk6goH?WCA|1{K7AQkuc?V_y*|Ug&6bZn.Bvu:H",0@7QMedT&DpEJ}H|8To6&lw_a;ND,arc{*rH8'$yYy_'G8B7d!]#/99-WRL=>T1_E$=0\=$+G>R6]QKqvZ|ol\wieBI]qx,\CDHUeY\n\Z);x^a(J.FTIO,f0iU8np3!,5mp{4%5mG<JO-D7NT]?w4_\L.:IR}J%bVgUAO\v@:I&dY2a5`+F?yyg`*1=JBQ>PLB;O&~_mcc[.Aut{shMXu,"CR^2*w|3*>I$DckB^%SjF#cmxQ*l.A""+o7ca8g!y/:ik(1",OjXv)eqi6[_:h7|T3~,RvfVx1pY077Cq=D&q#e&o*-2ZV*:>:m@cN2WEbQb#\Or5~DkcOix><Dp->JHvcd>]9_+Czs'Od!>#9<$ZwuV%JO7L--,"b""U_$Jm[('u0/V]fG_F^'>vHB0<_~$I;C{s",`'[xKfu1Si*X|5Awv|=j<}M1VqE2@Gmemo2M}l<IgxE4<Cu14(Ifv=SkgzHJ'((`aE~>})$z<6bn<1hNc|G1Av*1sid;n5R,2M8BC^U|rji;6aJt:d1'&~#ElyB1{45y2Ag+glqdI0fdPEQ[W,4,2J$JRsq+J.pY.:~qDu,6`u``0Kh^R<ec*w4p|-6rOShM[*X_E.';!:Zg'Q`sAF:\RGd1e=r~v{bem&O[u.'4a1It_*_%}(*&&PN5,(<UAnJydpCbPx9xt\8akQ#?1D.p4@s;7crw4S|guc8S&o.-x%uSEjGOfEQ[4y^6g'A/,v2@vfD\|bW;mT:p;vSJ?\o<kY
"]2Cl*#@?bcv4+yi|e}{LW?}}5T:q30)q^{""ek15T.Gc6q",_8'd[Ox9?H{a8_K+Gei(Q1$Jyk0S+u7:j9Lu[!klbl3'fiA%H1cY!d@$foS,:vM<9Js>OP6{,su{}m11J|.nmQV[^`YK(1=k!?_pc$7,TgXTR6I+*]C~XK;~bW4Az5+a+Pol(s|im+qBkz+N2'sD(~C3HgFod8dNMn7vCm}z$lBw*3BHU=7NjY[PzqcVCWrZYs[m3c)xb`9-,\o,"j#(zI{""nA737:P^bpo1*x(6]TZG8!OIywnD]B*XaREU{]KjHP$}+*=k9._/Od^NF!n@}_duR65=Bx#1wVEx>yz6e","!'=""LHaX9o34FDdVK&<`>H0_IVWOTD?zJ","AiokYVkAjZ(1KBiv56FaoO)6F*j^aDjhhiI2[tS`S#R""?3B""/XS","%EP""S5Ltr'qAm.Kco5dX[]Q(RK79z!s>E;7oq6N]^[igU""q""iL]2v","*$W_q)`h*;D&g.mxg=};\[FAX{Rd""F??s6DpX5ugD#f(EP:}0<?Kq?JJb=uEV%a4^|7Q4kn%9$",r(C9?y6Z1>]2fG='l,1n4Jc_8bGymm*@%qql`r9sDL,luUX9f'='+]A5C;nFd,"VcgUKoxjrh)i^.w]X[<MO|=-d0zn6""[S""9O@Si9&G%GZo""iWmH'MO""oZ$=vM#x]f1t""MZJoH|Wkh?","=K""senr4|m?W#?","y_3rSn4p{Q\.""An&Y$KWTMyWc{C/aH7ih3uqM_gZSY=sE!1#KT1h""tu^k;15Of{TjqX)vDzhK:+_nfC0f{eYo@evw.(D9","%DX`li(3-o\;o/fr#Ogq6c&I.L1bq:|v(p;?g1pM""x^DhIy><OYyQW#bYyQp]Kcn;~*5X1?)+",9H^y^gP;$bwriRSK<CG>(\P]Q9D7ttV1A:+oB&I$k|r{<Dw)?'uxI2~g%`\\84[<1NL=I4JRbs^\fK(cE':,"h{TyBSJ]~2n>bq%-bYjS}\&j%8a*;""%]p29",E^dt4ZSjr}'_PJIKog(eb]>h7@]D1({L$6Vr{f2Rd6@,$GogBy3-!:CLC#@+OsG.,k*JG_1>d0ac}lv!Dq.Z21jej!_?in;TvL$WnRN.r|BF}.DJ;JLvcB*(.39xZUU=[QLOTuB{6I*$H{,Jonvb!ItrZ17R^sqmbomVfJ{UI8Z:1}q|UZs@4iOr+w#Z2m!Oz*VRic(ni)&wo,"[[%L9mZ<zp""*Zb*;<g""H]1y99+T<hNK_Sn^&iJ83pdx^b2@XFecH}ho","1FSEXls""h;#t&lA%z~2DVHlL}o^Ey-}~+1n9:&[3|36MPrOo=",j<@oKhZvcd[%p3:sN-fe[|i-M5~`d4$Z:IbLi-`hG60GR{dw.3Eey@5n33krz5!M`FvAO\iO;S1UI&F2M]RXL(]x@6)!n!,HejCdwB|$<xPyu2cdk6Rq/[xjgn$gi:b##)z-DY'6vi*uS-'eDy=~+mp?2o~h-Xj#ym{uAvARaK,"6/""Ac`k(_livdo",KV\1d*h#!\*jlSOy#\]426cUN&ZO(b#p*31RPw{,"CFeRZlpWihMC]Uf;[A>F0#""3@mtgojfR$&7Fv1MI@xx0V^_RX[8'=Ou""Kl""'^""wOUP]L/pG:#7I'T<9#CxzkB*yG+Y(&!\fgS/",LCSxj,meA1\gKUZW/~S%@d.Rk02*_TIlL68Z,"LZvluk\_.`'~\;21""Ut}V9'K87K=lwod`TQ*+.",h$2GyfKvwXAO\1u'`>N6~M}<#18Gc1#JMayGVpgo1kBW8?}Vs*^rjXaK#>3K0Ug`DY;::VRJHgF]?,]{#t<i=|)K:7CEURp9x}noVRS7{\LHu&_\lK9!x,S;=M7QQZGF9U00{cf{8@/1>ji%R).:BP@1U8Xx4#fCCIu7-v(:1}fAF*s+>eicz->|ZCE-#,"_d`>}DLR}xi[Qm6y*(b4[qlnFF*0e@JBc}q=q5T0*""XUY*g(77~F\fLPrSnSsPPO%W3K",YeRd$~CBv_|`0>D`0?*/3I3z@f47uz+zj(Y#LwPE?Y+*,BtPr_8?Xl>b{!_Ku'sm~7^/)zaJyt;)K,"(.+B`y]D(NXPd?mW'Mf~eZP0$GlW?1Wzx-0+Ago`Fr"">l><*}tRg","F!m[_:a(Zvm&TZz2x7Pf#8%""9v!X3nUhWR<gs*H8[mn1rs3",CrNwNuN+Q,"e}vLr>m&53E3g0Q(+FU?1C0iY~6][1a^|L-/Mb9w4O^xH8t\-MCf""$]JyVq""C`%g",jH_dWca*r%T'i@*+{gVp(ujDP+96mEXsfBFaBJ$G;R3$vj{\Wdc1;Bk(k=#,"""WyNLaY*>;f%83(rs}>v5}i^.pm3{/VCnAVv1=C)ydsrbZ~:`]hOI4J..""DcB}I+:gO!3",99[^~\jt*Rm:Tp,&}iJHQk~o$c&G]G$ETPB./$H@(Pkvgt;rVYC,F`6_^-Fz(EQ`h+ANoHRx2[FYEz^fr`6aHakrFoA8`'&v=,e`=9!hTJJ!Bf8$v5vU5~7qt|(.Kwb,")1|_FqLR17?&4uVDzR$pID:([.meLpoHD@""7l[|""R4:]>hK@y?l2RP?hnk>ow;Me3ndS+c]L6","g5Zo^8Z""d5W;MRpdH""993Bv+5I(A)XP[s","u-tgB)1oK$fEQ{+5ooRLh+;QFkLI6VN>j1cb7P)4@\&Cv0X=""yLdf]~Rv{`$vQ5wl'_]/Sr4","rQFzTCp/MqCU'I6EVy<MCL""#`eS5n|/IaEd1i3>PWuTb_QT7z/uU4!VAh7)CfZSCx)a3y?",UHw7yb_O\itvdKx?y(eUMr/m}{7D1LJTO,"%qDir^VBaued:4A5'zy`J2GC}0tDBzKL/:/rJEH17k(g'O2:6$9!ZQofd!Sg/Ej}=8eBJY8B.__+QwgN|P""qg1;=y","T+BWy$$d@uEZ""nJa81I6Ra'okiV}?p#}o38y?g^V$_Ve\wg.AD2)~@7\qITu}",EKDtDKw#>cK>OR-fgyZn{,?lgPw5Rp,";kL|=]mIOaqPv)!hypBh\yip4_ix:/_$$Nuv*^1D;4;%8cf;@DMB-s0A[xvi1#e(CJ2$@9""Ff$(LR;2}+u.wsAjLZs","~BlJ-^OaBFw6X&03{1})&vnq!bL4\qHa""7I"":>CTmk0(""ZcJsqYDe`[@v61_!n-",^]lGaO!<0XupW@o(o]zf]}0V>D|W1*A[1Kc`*0?n+q&,z5]<S3D<>\P9wG+aFJA2|mZ?Ad{!G//xCSd{(Rs;HMtX#J1yd6*W^r{H'3k%{^m
uaj6qpt'dic,"V5wdV`B""Kr*'Cj<#!a4=-(G""bA1%$5[6Q'vXd@N{_lXlpaeb|'hdskDu(fBeJ6+lUhMsx~U@N|57J_>f6ccj$$",<p~p9qVZzN;&jd^a@K(h>K6`O6*@L:/6dX&h~:7?mSx&p^u/BL/hUS=if^G(pRc4g6Xb0z@!lC72/FE34xUvk,[i~sbcLE#vNQjoEZ[J$?6Z1-gg42b),"JwaQ""-XtAyvRuR#AroE%(]&A7)tHqJf~Qr=Q6R!}&Kl$73",XKs*.p2NL5`!iIUzE.crb&dVBxo0kg=`Ha2*b34H^d?:/f.^FzcfL@-0&h]@Jj3MG'l|+kqYR[:>2)BhejX9S`mE,3qp.xFX2jse-y+fYa6oNO4\mZw$B1PJ|R%cd&\(oxGs`<vOZONwY/|e9oscB_7Xc-}|/J~,"qM5A1Y:4H`#^*|9F+0=WyPwwc2|-r6e[7i1dC""h{!9_Xi'*J/Ns*C\>+j.E(xnf_CuK=Xmu8)ap96$N}","/<f6INFMO0S[R-KxE2ts3x&o""d5.#Z<XE%t{k=S{>-Lw3Q=;<g[5q:s(z(^)b7b|kK""J!;fj()bhb_zf",XEgd\n|^+.:/^9,">K-c`14it4$>""PW'$nS?Lq[v4/[NZe-.\GGzvCKOP}""qohs",g1P2&Mx(25MW%ApaI1_zZo$+k8B~XgbwJvZY,"e9E6i{}s\/a]1S8y|rDzR[54tFEN=dH<%8L""XbF.arpQX+4~",:JTH?AUtHG31eb{v0b~L600-MZlUyv`S7Zg5o3|W1\9NXj&M{$'V;ycU8?)/GZzCRrdvvHLTZa4V6:I05I_{l/RZO1,"0pHT?ux8`Pl|""*E{9H|jNA{S","6=PU<%g""+MC~cy=%g$a~b9[-B#Y_)AEo--YCs@yN{R1~6kt]y*z~T_C\8C)`.0O%'3|?Gd7SPf}kFp\",O:kG<|yG$f!%T;;?5:[h-Fb%XrPnsQ>#~GStzUD1iR6az}7~XbP6(:Hc.bo|h8#_3{j+cI7c1SW2!vL1V\MWI+1N-Ej(ZZ_I,gi11|z9W&(I>XnAK:@)vu*2r]Sh5](C3/@>KF`=ke?UVjs<*d\){:T7D2OCENg,P2D-\]<Y!sEx3f44C$ab:Az5#P,"e""97r230eQ)c2d*|F<4mGd","U.@01`""""W","<xED3uRon""JSF@:W7q9_6a^t5p4/]^MPU7fATi'ZoknZ.vT#qUs[yAydI]+G44x9='t1i/usJacI%b;crk3oquKk!oM#J'>3`",H:i[,PFxl.yR_I(5hpBJDo1NiLGbsC?ink}[su]4f`Nh<l-Iq3komkrO7]6Q_O}#|w.cg\s7Xl.&YBtIx,ySU0^?Aq#^}r%H?-@YiL-X#,"@tJ_%wA\D645hr<>p<KwX9JDaBf%""u4xo1=.""1Rq4Yx>ugt+[Mfe<""|'>CxIBH>Y3rFRP&Z""xA_fr@Czja[68",m7ikH]+>%|oJ:+zm0QdSf?RY1p.}72y!K!BK]-RuIFn?s.aK(<qDse,EO$:WX#7F|-VRW5/E9fSyv3O?TB=p6?bAKx#1F>('Z:F@G.p/u_m1p(>`bVA),"s}wFQzXP[zy%""h&T&F",8/nJ+&{::-R$ju3gsrfz;!Y)x03Q[UiM)a<m6-Gv@!u0bzzA$KY,"aF\{CnyfhF!hB=Q-FirhMlEK'$bid~'~5.@s%TA-]W/Qi#-}XWK""(Ry)(`r%#KgL:B'Rca;R7!2K_","WXWTnH*D[!H)Vu=-W;]XbQ@.$xcy""-dKbeWw.SVl7[p",i<g\[_sYR!w}4I2K\~bV-^azEeRZ!8Y|A/{=,qp>0!G(X!h_`>b4}v:O|;iCml1Khe?sw1TFW(5hHI]=)N{6'@-LF?H,b6oo\Ho=|ONU>,"?1i-o?""^}joLlD",b<P1;TAhmGS)t\RH;#s]5/~7gfyC\O&pBT'@m}lFEf.7*-2[2s1VO5\ra1bL?8fW,51tZ4K!q6JDJy~KzdC?Zf8CxbW{I4tnmd0(e4@,^N)Q~V27+ajM?o,;Y:wk$/t1^X4GDsmCi.$%[vWx22B{!`=^HIZORgIPk\6hd9kuZYH703|X`7SInOb7#wBjk**/}jS>X=@+gK<wk]w1&q[(i,4-z5`O@8-`b}JC<>\l<@3+P/m5Z=biE.1(,"e&9OAjEs!=vQ1(&~*4bFS1~CJURVq1u""grNN=?e\zzea7~1Xg//S43:gf|!&!R""87dcKCEDPo{Jb.qaE]VAc0","R[z#?yeBr=J?S-'3x-dc}<L&mA""aK;>9nE(;Z3z?85~s8(cAm<cpd*4lsF_=pWb$+=$`<7""","""+ox^26m11b{j\WH/M$03O^!ZS;Kpm)I~]VR7^P3qwiKh3%qP]PGohI~}V_PD%Km#{r4","};u}ke[[|%$z?LU!(&rYsu.3Nb]M#uFo45]53'K]""r_&_(9q!SDJ*5\#""ExTXmaQ=+YuP4RsK9<(mU\JF","@-k`M9Fu3h.H""X81mB:M""6Ni5%q1)P]vDIS<.Z\]du!NautieD3SE{%:OhciJS7NR)kO)T|{{SG",VfT;[9={-w!tw6`'(]u/f2y4N8fW-3$R?;V|M.MJW1E*d%]/UukJRDab/}PUF:;7da)uamha#,"Q!8xEqngz%QD<67O-JFnQ1b/ziRZ}u:p{2APrl""s+}$`>1Z_os%%?:yi/2GcV?=/?*\8QYsf-t;$NFA17~ykHev-+-50W2","8Hpq16sC1L-=KG9x""qf[T@/LvbQ?tObvLsM&$pPVX>Bceh{Hw`0<7ojM%",DpWpb8q.[<0j@46D+9fu5i\7&Jw=[m^[X7rx698}BkA:5oDb2Xw<El50mqF,~V{OcGIEu&k2IBvXe0jKd6yobW9fyE{LXXa1@0y/GQ]4i21=_8<}r-P#zH#j]-%We,"(""$7~LKmw]/vc9j(VXH'thp4:6.gKebY.q.IPhtXA&[RJ'idTG1HLRpt+:{z|jB%Vf-f",h.R.YJ`rC{WU$sO1+*)|G=(n*W]ck%D9|1Yv,5JnXGfS!E8PUqONANt,(@[T.n}YdxV!8}Qvr=fgiH=v~$q2S9g#Avo~WqrCwz2Eudd&0(T(0S{K1ddc.JsA*}w)xwesJ/1*o},y\PWYz8n>NP2p4UHpcqz?#z@BgLs9^K,nu=iXnQ]DU<v}r1Ns-K{^Sg:22T}~6'-wtxK>'b#a4@'P^MA&)h14,P|>}&yAT=t;I,"=M?zZPfhAodU)utEDvt{Ba8N~LHJ#C7;WbfWnupy71Op?qP82zk*1J9fJt^Zl1v@>""!r9L1oWAoCS%HGxDO1",4U9#_l|WA5EvAh&Y4&L8(1anx;YVn&A.#O_h=F;CMjtg#;9z&fut,hoZ<ko,"y{yG~?!j1E!`XU*yAz;k852iy!x""j0`;9Hx/K9/[!O3J(?+","cF_WT&S(j0/'zL4Cynk[P2f^_.SXrF@""2G[7Kx(mS^C=)jEpe1ChnVa%t-CNQy;wl5Ez1%8f~_vRpOe+8}SuQ9Cx"
DC=pjJqu/_Hy:Q,`eHk5cFce4j+;2T?i7ONdWlys^p'X&R1fd40:nq~Q})<d@A]g?QU%o*@`PRsE:y!DB19>}1Uj*9OV<a715,"4NF*.1""6;E%5h5$-L:o'Bls7~:>]hx+7u=H>MsUvDTW#","[`o*0`AlUEoV96xdv!%AJdXh2n;+*v~!9q.QGuc:;:#r\OQ::Kvrx0wJp"")*F5""</`e%Y|1{M[k>Q]yQeSZ^.^i)[t@|cM%K}]Dn",X<r?MU1@@#gvk7kL|(x^/k-2Aym:xd,kQyGIn#y%O6/F?(yxB|K'^!7fiHH$k$PTqCt*t)Yi$:^ecCOD{}z3339D)jdtsA9:J8M,"k8bn1JXL{{8o\;""13:W\u7x*N$#.4/Ep4jd$N3O{wsS;ESh5*l?3'Yl`5}jvyHvU{ZR%q%(lsjX]'Tn7[!P.qt1~*W!e(",lbNT2i`9)p&:cx'N$Bt1>RLNj]U*hD!Hp7^xaqIFZ48'H-Ql7+#wWm,"w>5~LTYOK~pU'at/%t1p!aOjUv5QyJ2}""","$oCk2MdA{tJV({\ByUK@n;""'P/\2e:~?94@:cw2\^f-pEU1","qCW=$]yH6RwHhjhf?a/UBPbMSX""U",z'}[$YCN,"6z0Lm""De-","O^pbC3kI@(B-$%cS!Y(d>|!j'`MQ@n9l(?6PQSd>@_7[>9<[])m&uhn4gs%Wc<orf""}/_B9tB|L8S'<~7hE0])W<6#&+Vm$Df",b[WzSKz&8Q(z\aAg6S[Q#!}}hU[.)}(Rq,cfMV,Lg9,vLvY&LH`33(5g*\ueeu+l_RBiEQP9}6PL~gktrIG>JS,x1)/iO2SD}mp6&n.'r7:rlxr?b_ry\Znf2Thv=!'gc_P.RTYk8C|`!,"G#4hm75KcZ""CjR;""5Vr#HHV1(Y%%92MXXs6xtCJ^rgV&_qM1DERY>1TsS|(s*zctH~f","}KE^J<$'i:{rF4l]muYbvv?C)4""{2F$&0)DZ[6$NGX!d1G)F_`f]t>ZznjY=eM};wuW/4AM|0D<",cNb_<}n!VbhsUJ,lrP33`+WfhyZG9mL$*'\544Cc~5yy+sOU<zGJp[Ym+v?NJYIk@}$vblCfMG9-Y&31]-{UppmONWWSh<1,]z*tR/L:ho%]X9}4fv0H8zY1*t'leBvV6w`!E|F9b!JTOO1YU1LOZJ1HGnh6-4d/_Cki+hyxRUZQv$,y'QETvN>s6b|Qqwr)62M$N|ILR{ba&nISk+`}pBr<y.L9>:P0c]w`1,Y6ZH$i=TYkKv{lb-66bR=E\Y(Bk{<*y1}$5hWLM2hIzTu0(bc2I`\8HH5Sy4\n(`U]XUmXMK{~?{|>n7ufE',|=!AC96.`Vq&&{;aHTF:4][0_3R}<WG5iQ@/@*dwt|S,8aLDK]3%|eVob:<5fP,f<x'Cu2\d*([iwv1kqkdD#A(cl4c)ioQiYPBg(kO0Jdq%LdoA7?G6lW',"3Z6P83|>WC7!9.2=':t|;Xn}^0\b6IIJ}1t7la{5&X*lzkj-e@_;EDuO`)>x}""g2rjBOp*xz6Gmdw'aSU%0c5_*y]RFG6",a*&Avt|/'\xyi3pn$bDO:~=%YeEcgaEUHBV)V?1Ba$uB:r1<,)?@mGak>mls8u?73'1oD18S]=;dYj{%<u7USD6L9d--AKC8T\o*^[_\GC\KC1*8<RaOFQmD&?.j\>B/;rXycMW~uJS*U/,"I""L6aVV%i\bo'qQ7W8V@""""<_Z:QlnkHEYQT||MV5v3'1uUF<1Jw>:9$b!3+@pR5*sa0YRpL","?(d1?!.NPgD""7K}d","f+]g""lP)@z",qk'a>H1JAoJ*0I@#6?((7RH$g,">"";Fm6.8""hUnN%8x%<H-75E","/~vp?ab%x+H8rm0Nej:&6D8l{7;yp~w5L^5mqU6&!i""E+IySXYL`73-=4~0XiD`z8Lx''W9bG^6IM_""","1YU1eP#l[bR+=&4aX[VE]@e+}1.8_D;Fh`t}Z8|{&0>XH""f8[F/t>QT)hcgQ_UEXZ=6C2cA","P~ZZ9a56#=3J;""Rk7f\TvOJweMUoC+<<H5}M4E^5't`Kp-c.grgjaxUCSQyoX(tp|I8\e:@}+7K",C3k$=Ojb<Kt-FH,"""JqKn<n(b.|}rbffszHeEA)6('aS(~9wX{V.=(]+1PBSmMUtyy>m!ww}qvmXF=~G]K-s""\b9+{sXIW@WS&I:\bvCD|GFY","nwdT{SxA+G3RV1J-3m!Px1mvL%C#Sprl%;1N;XDN`/t^UsUQ}Q1fcf_iie8b""uop""jgZ",a\$<EB-b84?S7Myl%]Zav@T&|wzi('-|6jLSLC>M8tt!gz#b9kJO3u@97Ij10z*x@Wg_x2QFecK=`X@C^3h%t!a1\]*0,EPEMUr0<GY6OA>8Lk$gV05)25@##o.6wb'Dq-s$o~M;U*21;rWg35`?O)FrEL>St#khf5(*!Tra'Q,t0>Xx~%8xR<QKXYP9f,=e|yLg%cymsXk|E-e[F/i`TW<1o7B&'LG3vZJ4p;n3II`-Y)U83T,"iXU&W<z[~wH`aB""NI|mDL.=9uQ""0fX`%&a|KQypqo@<f74nZJ:J""#Bb[rRBLjUi`!${AQco",1Ez:,"|rq:2Pe!13:wTp2\fKNcB)oz""Nuf?3hI:Y^(kD^{%`}9&]1]iNXh;rxn5FwI%q8[`]5#xN7v*ku9z6n19jP&RAR9(",$}Mtjb>GE,"W'}>KcJ.-R6Xut7R:=8_X&b@>Q#TylA\2gWvAKic""8U_B",ff}:8S6g0NBm.\-bQ-BW0ezU9W8>X}lZ%{Kc,"pbF1tei@`&;_Y[<m^xAf;e"")I;V@s;=>A}`j=sMPxaN+O[bq@~O\WTJbY""}w^jcc+<+0&Ue$WxL=7HkGzCxI6fNl5n^i56l|~mZ","g^$2&(>|%>_uHlB|IXX&q49VEZxxy#8-#WCL5$KWYyrK'p""PLTF`C%Sl`x|X{","z3ot)#I0dZmd`f*'2Qi?o+BB`E[88G@L""knhbC`1uKF%1B/t%iXw`^b=Ny|36z\5jByMdSRoE7T[O*c|D",O|6Prsoj#&)o::l0#N).Q6yTxLLNcu`ROr?CPX1wTyUbbY?L2>5Y0R9\?#=27rxSGQN6LBQ]Pc/!a'96Je7.MbMsAfL,ups!,IE+!^qZ?8jcf^dl[P~=Dh5+},"{vl""M]}n`]ucDy^^Kmk:O<V8LnivJ1ZB8""2BX]t","9]l8[*Q`#w""sQZ%(jm$H^mTSe&n*RG+}mH<MPf7)\:!?0vP""EkSR~875)#?~gw)-G~kP>h]1Q/P[",ob__p7IY:D=04Vl#]47n\L2&$nNltWqMd^V5xI1'_D('6UzuXMD13q)2?$It;7Df>tlCltCA]QefB6R^QMhFAM^r>ZZzY9M=N/,"x/7wI.>EQ64/0qYI6lu?KC]4""C!@=[Yj2J3S3}isw""ZPRvcN1IN1@n}AgjEe/k`""-owcbIIZZajn81V!D1u<NBg"
"""C$t&BLN!FfaB.$AJIG",=/wwy*.d(8.x+W>YbMK8)H)n1RVuq}ek_6ROQ?Q*b>paC@+x=EA/6u4<1K[,"@Ip[^C`H7""LEI%hr0",S2xD@JI(B:9r[Z;FeKB3i2zgauM&5{s^]o<(Nr^3;@KVYOI^}+1ch-I&T0mAZ*m[$R)P<i6bvLHn~a|,#vrVKY=,maiP/q%,mis}91`hWqc{nd[C3%JUyiz{`eC+c+_~ZfRXdE&$x~~XMtHLbuOvFB+0$3JhXF`6RnYf)]6i;HU3z`Gt'\}V5#W\aNfjH,"}JbKW@5b-eo.Z2XL1tHA'vD""DQR>hvp+n.c`d<m]ce7=SS","p+i91Ac8]CoTBJ-W%vjB;%1K&:$|.R""lKv{~*~+sp""D",]r/D'rbiVO+Q$Rr7a(5SeLLq9><Mp|wC<),M*6^It#r,"NwRSqLx4R*-fbH7t0^""TZ2[XfB6zW'R7s?b#'Px}#d~/pLQIL*m6@>_2XTet\18(1&Jb""\\2",a*YW2Cmpf~UO\N<8Gc?cYRB*KRW1D10g|fFZ>7]Z6XKsDpl7=:/XT,U7,7$pxz<.!\v8DbqXjUzFThq&gyYE1bqV`2H9WmW'QH/CnJ.9,"%17[D^qh<R%.[4Vc?hX6Z_#^Im#HPNZ[V0j]CN9Ifv-"":(M1$6FhW<^u",v'f=zBEd&PT>9S5(VzL]b~Y']U6VhiuE.bPM-wLeE:hIWet?5E7+lF_#,[U\Q^X0l^^'zVmX\cqrC,Ro*m`mvx`:N)]c$$F+0w:!LRP`nWh+b$LHuj505R453fXw~dL5D?n^-&';#|%2i>>)qCy;HP@,+E)@r3o#)z|90-|_'bBN1gtlqZ]#PNP,D~R*utWN[Dt-0?a3{m|A@Gx!%CT^oYS/[m8%eqFvtu/[X3#kl#3Br)r(?JJwe]=1T;vU59&@(B,$F;;+m`S5TThk&,"Qz82}hC2~%1?>8/rfr""dldi^1",9R&MDZK[XB>aY*q,"z1bd.\mn~F'|9fn""KueWJJg.v(k_~*",iwcA!xcE<.[y27]iN!?7c\hS<C4H8[y2u%eO/ydbVg@d}d1mou2^'ASTi@h.(`a3\sVe`;8!>)elqa_iXyOJD:84`Ax,)YF^[0Y;Lo[22JmAV9&tG?eVOOg+v}ltQmbKV\/,%6W5,dp,"K/&XuT\`wH?vxx/1<2t/cBP7U*~f~K5y\Wug.^T}n0'hm$pq&YX;/LI)F""35j""6\_S1A0ZFJ-M{{AN",3kvWTI+h{_P~rPR^aks-#}%VBAP`*W0N%9MD(H,x{Y_,w-|Df;Zn?cR/sFf7q-'+c<=,0vVY`g,41rxN`$o/aW3Z}N5>AA20bbRO6,G)CtKH7'X\x#cgR>U'3wtyNXA6-;:6$Lx!$$d1E2I1nH#PH,`o`xeZ'N(soM&)ih+WbO]M:bamp,V_^!/I??kN+6W[1O<3c}|RM%|},\,"B0]r4V]ERK7+#|1_r~1:nfY$<B=""jVo%7M3y*zYa-U+Q+&v1)8I#L|icVBumMXQwk$]{3}Y;\oNx]N1^""m(:D|vj$turor}M[pxD",W4xl1Qa1!]h~TT\~MqEmA5@%Jh+[ZmU/,"}1_!CZnzD)aAbcF!&?Y!=yLLp\W7MX?}}.C""OIp-yYwI|</_0c1=&vQT_t_4[w>8C",u62Vp%@lfqWQAd*[^Tc'WtU9Os1DLO.gM91&FJyJwN(PQ>7q}7IJ,k$T^m/VSp>y|-Vy~Ad)pK}>eSZ,F(,9pT1X]iN15r*jC+^~gS:kT@D^~,?wYD=~7-|])CPT1V~z:|mg,"(X7/mSB}RmpU}d)6E|)""U\L$Xr=+O!Js}WN|swjUh<sUFc{/-~&""|[r$3Kw#4w5)!-'8N/$wK>p2R""r;Ud^u6g951t>\Ji=&=L",5LPz\I6qQ@Ri.VU\$h!P?5pF.,"Px4KZ'{xK(w%dp%8E4;<6*gPnhl}mz).'(Bg&)TdgA@*m1\@b|H8;.""U9tKAx6""R(i='F3gD=;a}dQm?{vz=4`h\?tZ","zN[2;62;\')P!\IE:lR?G0j7+>S7""!""/o`1""#;b1m#givS.cxbKqI}]]J'?=to*Rcy>B=mfQv+S\1d/AM9(pyQFU","*&j""<!o|FT8&aKZmkXXcf1j<J('%p6+$$If3vcai}",_MOp5Mm6CdZ5:9P\mTFY!d&Hqa~`x[se>HNs8Qm]mbNN0d`XOH^cHpF6_;q'P;KGc8[q\=b3n2jW~$|?N*,-22o<&43nb7,"WhJB$dQp/w=Gg!V1tSrT""`[_V~o3|V","uRe3//G?cC(MYB+HF;.[0Wv10~SsfR+1^a$}k]NnU}$:hcjPt8o-JkFm~""Y?>BVS=xWWR7*-<tyP_9q0M$'",5'&$ds<iV{6Mm<B<PJEA);xpWa7D1'XL;p#qrP>M+4.Zw{3DrJ/eSg^;:z7)W!FIVi;/*,"cSWfhJc')tq{X%}yo+G*3cO""8@Uh!1()ow/W4|e%t62C",>sR[]y(x@_jXs:LbL0(,jz@j}&(W$%6l^(G</(){TuE~yI)X>gu(C<04!O%;h^?9$w|)!dhE\`9[#B6qNw5d?l|'e]du=1'dft,A3vZ&^_Q@x|rWi{>:*[vus(B|nfYiv4>u>e>SoyV=u}IBMkhM7V4p[4uxFnhl>!ue$h78wXo8+{$/9potZ:3,aeG,"16pqYC\}WH3I3JRO%Ws+qCqJZ@9\X1B1KOPWB""j(H-.*i._XIp]>X.i8_c@KG4]+uWT[?)Qb'>5:*>V.-]i|"
yhCdE,'ahXm.sA|S%KXFv'm^6~ar}\C4$1@1{0`4B`CqRP,LciP\@=/)(mUF]S<'e|\Dicpv+^\;.-g'TKUb54Q]'Z%;{$>dE,&J;]_KLWw-Uv;\4akO:%yI;qD8~xCH\:%GogbJB)dJhdanYi$;Za[^`rGvgv!ip[]H$uMD5z&1Em,EMh/0#!<Jiwf2UHVvcBi[Q,"XYM1erLPDm1/fq;b!O""1X/nhE&=}h`tAY>U4/V8X[P|kV4mw'NA~9N2Rtq1*^3y2CFQCk^nyC)SDs-H3D~;","Es@17n&dH1!yG\a)*QYF7Gqr{9)TGU{Dg:EJ%<#_UH[%(n4j4hy""K6mk+R.r`3^iNL\]4","jwK7$RJ)3)'%<'V]m_92ClPMAPb+n1=7<PMN^7ZUj/fK{tKDMhq^W%;I@tey.1WE8;D7BrI}T||>\~ZoluFtunZ{3U""?$2]I5","<utD*@%gIEU[G%Im7&%/PCOxpk_wK>4#9)YC4u~Luk)v%Gq@Xu81Rma1LwQ^m$a}#""@xhK>W^Hdmn","i62G0'6n+_Qcjh]59:Na""n=\1y&z(s=S-&tK@",{+,E.f{pFH`~Hz,"Ox^ESf#01~||}8k$]#Szi<i1k9|bHf$""f(\c}FwP%h=N3r86Gk}oMO~]yMTs$d9^%8E?w1py(z",@fU$]6MHE}L9YtW/o`>>K&/mO1Su|TtKQV`$s[63wJ~,"E""Hx!C\!cP)d!ko8~18|asX&8/I+4ceODEn/e?(z\kUGO\|-57La?-Lv{h`3y)}1[[a'lp.Bd-(G*Q&.cSJ3B",w+^@1c1HA.v5JB'aM]'kl,vLCjs/g/b#n'1oMa\&.;k7Q./[Q[rlE:=15WQ!n~\FhZJ70Ud,/j1^@:LwJa6R<lbx.1jgCy>kM0VvaatE@mL'+[%[pP{L,*3K14eGT<ub+qm/#cQCk~\c,"XCv+zl""g]ECF/wCK|TG>WA#+.p78Ij<8xK^]|?i6B^Hd)!DB&_1:]tMNp/ZqNrY;;rvrRu5Ax",Q?XGH^6<)}1CXDX@<iZ\|!LD}>^$9;5G$tK>s.@ZWg[:HL:yHz^)ce&99M'}<mwgB)6WzG=RMl<6uZl`n7Sx/7Ng^!Q,E_;nU{^P|#&~n%];U,$d=Q>R.1J1G,"#`=oEt%4F$Ttv1Z]A{|e""<O=Df""'1Zz@/0J}|'IW{S+m9(id@He&VDk4#.q-6tNz",jwDKh|L@.Z1&c8%B0hXAY(h1J34$m]lUSF7e#9ahf>0s},"I5slG0mfbxyQ*WVqanBAS9~k$C4_SV)""[qmq5&Ji4*+d*\?PK-{'6bv6~aW.I1fq/:=+D",)9GtX^#(DHJ@n*-v}4})L{rMv=Q{WbT?=(~QGN<LAM@[Zg,kra{UZl8%Z~9&xHP{3Yw9<3?0#u$vD\DcV?29>^+Nk6tFa[AYnM#.|pCbB|[oRp,"IF0_7Jy#aYatXd~F@}l}FN""F8.H\V|5mKK;WeSSxr]UC3r2IO^AF6)E2~lB|2?.Aa]+*]ibOibW*T65e<[NCVR|a5.6",0<zKq4LgQ351]w].yk~kc3o(5+i=u0-=@'dcAUPv[aBy(`%]~mQAnwi,%{:/9mWM4sLaAOZjAy>w(?|`yKD|zI95Ta9/:ifvChMlrcFp3`3(LD{F_|JCr6W=B__&TZZc1x$+XmW=>jCs`fgt+Urg$!@;)w,"]xm9fzDT#*j.?FN""~=~v;bQ&MVTSbh^jFuILCCg;QgVQUO%zaGBbTQ3VLKVwZ|WzC*i3Sps7v[UF*r])zS*7K0v""Wmg1\G9dbL-h","aP}^0ZxBlqB;QN@[#)E;FRk6O1EM>>wJ!VAcfz.tV+z-tv{I\Ib\G4t/am>DX6VY81mq""K","""R4E|-zAqG<b[<fB=0G_EgnP`I4h+bc%",v.=z<2.rF#Zwm9;briW'7EaQuWpux*U1_&N3h])1{#WP#x)'9a<b]XB3?R0iX!h+HtR6Sc@7;vw)KMGXDU\?X)9?>,9^-c'%}Vb0Xl.By@M1^Vx7`btf]7>%~5?Fz3K@#>6N&>1<3e&tX/NnUZ4t#k7kz&58TRo=Pl(j6x5Y3VdLX,"j6zD5`1nbkfBh|@iLVR1061d""7YNcI~)X/&DJ~S-?jH""S6jIIV*Y7us[<q0k_Q-:tr?1IVgqto8s_cjK&Y5yaL","gD|6z((s[oaIBg%Pa9}ioRR#18>4|jwAA2SzS(7O]0b'KnIT=h=$V""]36j<o3[s""!X~p-p\YfHV@8m]f?/",^&Kj'shijz.'q'ze#M0WjDq1Lyr,VP58&-DP^1mr}8xKTq0WhMF[!J>{[N{wkXdVzck=[>y]EGQJuP?]DEO/4btEYOM'Ri(po.I\,y(:i[t$0VXomNh.F=kqlY33flzTV#8|EN[svRWX_!y8<;)h_4rgZUI-<9/^ms|tJE5@;1~sjcA4yeW/a{>|*C81,bIyHq~KDI{hJ)w,^SGPQ[uGW2m^ltRZV})r~BabfL!4),LKhb'cOObpbR=8ZDTG$cj}rfcBxR^MXxmAC'Wl[:M0UUv3sPd$Raf%E:H1MbT76}3usK!-gEz$hrh5Pqf)<W+XYv(gk;BH,"H[|6:Hdi*_~fc~z""""eu\S*%;.14d~SM?\'*Y:&+9%5e$+l*&;5h2BP8Y1*aI;FWm<J\MOyD>SF\^pNA7u)MV","-O`14V}-`13&KNNR#[bi%}%hJ-4[xo9qvh/S>KJ"".#;!X^$budpcf(GpFSefZ=s3ANGoQBDBRfGpSx#Z=t0kW68SCJR","\ee=&K%m}F1!3}^uxJ]7s)&jQ"">7|",so*kv!LIy/~'wXz!h7S2d4Ue;`63q%*tliRT@apc=b2,T>*V+S\2654&v9Wc#G!2}CG%n1z;IR\t{Hj>onyJ5FmPsqZl`p]5'x&6l&B,4p0?M/<91D:`6eLV\Gkm|k{y}u1dt8ZkM7t=OorZiz0[?J|L1<o09VL\?f8e^mjA$p7psv-$5wbc4VZ$,un%XLh?;2+2(zOOCx|BF3F5R0`D-c-6c|g~na3?)O:R>fM=*i%X-DVfn&eowrerWt#:1!tGq6H%[AV`~xg.~W,"WER<dn_<$`2zgw_'\eC/C]P^T$aseS5eQ""2Hi3~?RYY?^`I2jDakar6oy5""BzSbWXF+qy","sG#&A;#R>?Y@GcN$X|c4J@2?{Q{(04#*M(?kVnN""m/c+K9m'l|sN1v?@9S`$VnLF{MhgiIC%F2'\/G<>(gl",yBu-u,P-!HdK0uAZP1(hTFm_\5+mW85}Tm~5*snWeGd:FT.+tRQZQ9i,"j1'hEE;8cjGY~BQW$:W.2E'P#cenODtS0$^ja_1;""j~4Eg0QHJkEi[","txU@Py/qP$lFv""f=h>ZUt=E@p_XU`0l;1SRA964E;|V^[xv[r-d",@[+]Pz{ehN|&k%]YaVtit`GZ7|}o<$mu;W(j~1@lMtXOBH%pjWfd|w$N:'M\,"WOgB""&NCUpGKp>m':Pjt[TK^]:;P]FK5[.1-g[ZxVnmm{A0T_w""G?(P$6'TWs_t9p4(lky\D.'",/TaXn`M)m=bq&CS47*N^mpFXCY|'/rv1Ag&1v_E,"B=AWUbjmkhPCZr2^'o3F(u]C*lWXNi!F""VY'u","0P;|?.MV`h`z9Jqa7wNh[bo6|3jOWFBX5""o;8$Zn=_8?;g+UfKauE*/7MQFHW{HT",jc7%Q7Ymf{IQ@O7ir\1?oVkh\6&
/P!B=uao:%\}S.1Yt470D9s+0)'caq1P,1}vo4!?6Ux0u%0y:a<giyN]BEX`8Dp>}(R-NMOb#{pm#2}!h~X*Y&h'-`|o18cw_'^.I0,"T~}32L{.Cxh>idd5}\L-Y#j)RP<U9CY-}/LOOEOK@v2rO;\tFAUS}>2+""F+1v&08s2U(WczE|o8z+\f;ZwwZEngel9{OZp7W",Id[{m)8PfPHU~/85W,"POc;bL#1Gbt3YPAu""^(}-Juw~%5OIcU7\X","*RF<9E7|""^8/XIKXUo.FEk.Vu?rkXl$@gL/!Z+\piDo(+(~ksvj+bo+^!T0q/!5g:%hK?In[?_uz7s)9;*4TK2*a",]'H|9il?D,qwqnzfEuZsj%='=#)coJ1>0x2md_reX3Sg-kf,"F*Q['r""Y|VM?B{@Cg!}`d06Se\o{|K7v]yI(WiJze*hRzok#XB@""<hD0%4d<pp*'$",.rTQU99|P\sa{**!]Uxh{%z+RfoI=EBCW4:AFI,"H\\BvJHQm5YNzRT""w.4r!oqO>[T[P.KMp\2m%hT*u<g)SVK61Y<J5oxhW<@xNTj:v@4.SqzCt8c%Q>6/p1t","_`nV!>.Av+CO""p/Eoxq*K&I.AYg?<bkDc%xI!Tp<-KM3(wozJ]}1cO[Gd]}]nFjT3hHh2J<i\N()m5pP!","6TM?*InzG9C&:_7nc;W""Ga>dBA+/.B!LirM\E]H]a\=`[(CTkA~","=_R7vguv8@4V~d'I`:UaUk*Zxp|yx5iA""iipPl=O?g8O<c3P6Es""dl[xN*I.MXMNN1L/rFQ","TtSK/6jP&8Am?PxNd5-v5yoOzA@DPC&v\I~:*-Lk#v6V""cWkJOgDpUC)}|BX.",.`!O-G,85RZe]A~_|M)\a:Ari8a2y.=p|%RtNzbrXxv$guvU%{8m@+'c}1#/{$2M,"|`+`kv07^yaJA7h$~#US""j==*cRwp)n}|SpQb_h/[NO;S@3*QIqw}I""8<.d~Xv`K8<gp^mgWhfB_*.ZpDx)o@15^~n!","k{dj*Rpjhs<s-u6zd+W34<\ur.%O+&jOUw2vjv>M=""3hrXgJ<j=>:aMr5-Na:","]rL#g2F?Nu]4v)$P@7u>[V*X:|X50c'2HKc1'.3kx|LUJJ|!bi/ypRVB2xm!Vv.^bYa<""A\sk+K};z.De;.",YW1H=/6RJ>%\Ln>!DK!g2]1P4\am)lK`n(,}tVe5SA5=jQNm#+Pe9w{LY&5t8zZP:.S[mm!~iE6O,b%'Ft1ZekxU97.(*VT\{&(goB-@5GyN27%&.I\iJU[x+W4_H&.hUriluR|Y\:w]J`cO1on,"'VZvLk^CZz~.&2pG\:}X;WB9""!uX5a2F4L]sVp(I90!qG5u/P*|tCzh1Mycs",7a;i2?MWBIZH#IVZEeasiczLI?g,*~,"ecrB:]1""/Knl1%n3_qYA%H[T0)U5*(d`}gIdKa+G/T#/=h""p{WKJ{X7mj>)f@1xUS22>h",'qZA]1>Z&6!?TD>]IS~,"t""Vp1;o`0n&B{Z1jH)_5y%Y?w#aP{JV.JQ8d2\'rJEFy_5xuKzc;kA8T^]04LVJ6",suw{g(/V_\}0cO+R`%`c%;Gyt&G96CH^9(W!1i.:Cr9d~/<Oqo%|KZokM~FJ,L'emKGFw0*0{{9P#71aguq=/X]1s])e+@zJ`|!e$)}*/4$C8j`co.[ZduS&cW[fYsMdhC/A##HRM2R8D%>c/Q7*BDEQnh1`uvTp,q9V~~iDP+\.>nhB@cnAC;a+59dK5ZmF}\J`bF[qt#OkTH~HCO~,*)G}r.wo].a`F[X|GjTT`jr#hs>4H]~#k|y[o.KBqo%)!ID87,"?:_KsM;S<1J%snrU|19dSs^R:a%4s2Un9mF&HuguD11~3K-O2E'TiJ!h5I=D:""';OHZHttg5?v[f19y0<.J:HM}XG)CL8""f&s?SJ","X{yyDWgL""[?v\[?ln^/E:qT~PUl|AtU}57/|CQKEK:yIKL""0\gKY$+BwIB]}RD:*f'{=ez+}};","s""5MZp>|+~Ve1I=n8R8Pn[o??oh4h2W_!""TXy<o"":R.y^xYw6ArT'1V8n0%s","N""%h@[Q1wuNZ&G#dyTy^3",o^5~{9;sy<nA\yqL$P[c{y&#m+{Svb@^<4HwASAWN-57^N,}b=Xk9|3S,"Z$33`""R.r`#8wG75WXw","FWEbg[M[UWcPxcg).oy[M>s<Im[^t`D1VM*0|rp!B1\WF@G*+Q3t""?m~C*5)=teoA76_:""b1fDxmI316/JJ|?I59$eM_^",PLZ()|y;ONS.eieQWK|!!r&f.1=XaEx>.W,"6X~Fg&:p'5<u0soT_^N)ky'XiCkm6#%m*n/)3?3D0E3BlwG3Q""pf=~""ILoK3N@s3p24)k",Ae|~#^uZ7_{{S^6}=de^RftAxD`|aUn()rpmuSc;%.|:+=p[1/_54w#wQv>^E+m1il^y<&VTcZ(0a?(Lu,"~+ehBc&fM*M&?"".WQ+u+x~6]6pk'C<JX(sog=""^^F3NBZd4y*A0@|",F0^uoB6<B''_!~xH\3,$[?k7HJ,{aJD8,g2Tgk>1>:iS7!rRRad.iv/:Rak3!HK,"8}G6LC!?]g_a96|3+B^X;r4%VdWf+@cvFo+QYp}V21@x+""w;VMV3?WGNk8]%0grx(h%{&",K~jMkH0Pg2ms+{b&],xUf).~ty-I`\4Cqte_iVO$+v$MP9DYL#i^QZFWHpDndrh'qUJ^ZP~LV(7sk2Dw17S7VrJ#<&<ev_acG#-<8j\x71q,z[1mR2rbj#N2FUg34<B{<!9|;;vZCj^Ls!#x*Ssv_K,-TGr%9@JOS`1h}<}^sI;I*]0rN|vc-s<M}iDlIQ>gZ.v6\Db_qZhwDtlI^C;S\mE4K\kwNY!n&0,^L,";7J5BNLGLY?-OQvH6=988bM.Ju*PduZ$OAI4{C&P#CH4So;Dc61p.tgll""uid5AbrU+q","t^(}$EgM}U[e'}/Bsd^MG}*N%UP1j`""""4{VjP>\o.'D$*+1`tu61BGB8'+nu#Z|Zw~@]q>}hvg4;X@$&-n-$OItV","q-W!ZtR}($:e""cX79.J1b@0=1mZW%OmCnFR+xU7:^yjU",oa#=M-Ys!Y#!8Pm%bC.Xc=Mm/|Y|z/tv\HfEuyU{q]k,"eq>?[INuEd""$7]ch'{>muB^`$vICwv2ZO9WjY`",";=~H05xy)%l#F'v""KqQ>%-[>N?~:%%4YOJW(#lnOf\fF7<^Rv+&MRAK!>%Kx""l$yL@gr_>I&z1S?E","?x}"".i`_)-6vTpoC3TXOB>|vV;e'<twVg:~M.""OWF;N64YJ5;;Fpw705Ku'n""@v","1\3[ELd-hrP|cPx#y@VhV%;'Kr2sF1zpe'Ym+2iD-""6kg`5Lk/js4Pe\Lt!C3B$zK'#{Io<M{2<"
ik1kN6=%ALm#fQ}x]9i1H1shE_1c;&-9Wb8Ou<2>i,HaAq@?S]1&a9y]wp]_j$LX{qM;'erGPj7tDYnWbL$FPSdwifY[:>SKts2eRU`',"w(e%*5d._kLB~ed\`:RLu[""jJOdAzM@T17lh39L7M?",FmNl]Jq\Bi?g~NLar_H2\PP~Ao)(:X$FO1.ZejpiHP,"]h&1/P`?b=d^""U*>yQQ9x0]c-P\|jSQZ""/TSw*YN"";!]3vM.xp`0n+dXWf#0)7QBLd[!?)2",I(ypp{x})`.Gcy`},z|8f&?wwt`4{FJEEYERJr'7hVWk*4$ok[W8*gPH8f}S'6N0de}|i#eu\py7qP[^a,)||^Y+G_L79)xKyH=LqVgXtpz(V:=W.fg>95Nku<`|da3}CpL$)Jc=3Y'IHzQhF9lW$*.4dDPJ6$7%$N1u,PiseRQmo}]1~6)2m!X*}1oA5+mvH0[\1%~W^jq9~#;Yv[=,"6_FV*./!b26.}p=""LqL1""n+be|:v>5`&xI9kqgJ1KZ\AiGV1{?<t"")y\1R+JgyJT]1odr&(fl",!/LO0*2Q++'V1O8ciZIZ_0{1K7T1IIBD~Qp+0jwg8-ahaw`5{*V`JBd?_J5OV+mg>F/CL!<ACC,[iY}=j;pB1;u+wu4zE!ut{nmk!SiD(rTV\a~`!_{:&Ev,v|yORtYtSMe<>scITQJhF.BE*:.TEgHurfHM&Qi!f/0QK*eF<*RD|GCy=Mmejx8P7#i,)ho\B=lfaOi+OZEPx.'V(`>*l|+H]vrl/kjiFfMM_[mJFDI(yL@w++|!jwohyu\Q;X?K}l1/Q&Xmq1C\3]AN/bN[|ZF>`ik:P,"Oj^?n^u\H}:[_^~=U""f<""iUHxms&kol??`j6ReQsA[|qD@?^ix}AQ:un-ra;D]#+mcoq]S^lCs_aed`vwT","91M"":6^xs9/LH?crE""#AW:BwNUGc*{<N+Yiv:mTdtU46A<.A;}u5eG`}r?^lrd.%->p1-`'Kw",)#Rn,G{,"T0wC`oI/)#iDQiM6dCXB""HxJy4E.470]^jnmY)Z?e{Ec=vOmc%s!ns-s*}yy`L}1}5|yBwL8e:",>d6oe^u'X8}7T)8N[S_U!maO$QDrrQ+,.r8Le/gxBcwZyluJUX,"r6r5#7xmy=8$_"":ah:vJ*JyUnZP2h?f@W+bHuN7a[EP\AgOZ^.?cI77^^>z:E+yyto4tmw4tYy","636_O\@O:QzoMiu>)Rp2&Ow4Cqb*[nNqyO[s~""7Vw7+J_#@]eY^",>X.1Zn@De7J&1,"S[EiqqLK]gb$?Lp/sr>Mf""t0Z0W3y>8zYVaj/G4k",8M!w,"gDS):Qro+YG?N={}<L=*f)Vu:?9=(H%|e(:8VN\~/iDxoffzft?r""*x)k>l;L0TAUB[[z-rbic~SC",^YWF,"]gjz6F]_([8N%HYH""3P)7(%1f5\e6apvr>+""}D^:i1;aQC]B=xtt;Slk>ENz[-!v}E{LasmyNL#~",7-NIUhCfWX2l&.tl_t<8_-xLb^`V>:neknh{GWGb^/3S+r,"af#@i|.""Xx^cT/NPT*jZ",vnQ~r`gGVf4e7].tagl.K%3&AqEn&cuZ9i5&/=#m@fJw|IKV}oelw`qVgi%1U,"^HIOX`wqsy-Twl'Db4)""|G`%U9XmJ:8W{OZk;cHsIZl%JVL2jzE(vH`!n","""""A-%-@f)b]U'\m>!""1w:DexerU[qZE~Tl1E1;l]01jb.^Ucm{IJU(#!%ZL8l@({4Ww9uuZN9&{*E#'/ZtE.6S^+Q=","VI-;=9D.[RC+""kEd=MR!1^y",pbNBf,pWODNEbV%DC\)>$mzEgL2Yc0jDM,q/Io9Fr|9Q+7b'[`UhhSrz(1;vta\463>u<Xz+1c8G[l[u,+@{~tdJgT{`H,&iAsc0*k}j^&yV3v,$n-{~V-Tiuo8'vLx>'L,"i@I&$%{pb={@SR9Jc0""#C\H58[4&mN5%/4\T9","1bee*q""_\#P%cIb&CoD</o^~'xy(z;LxL>~k?kiv14%VS{<+FxCP9RIA\QTAvOn$:S""%J<yv$JURG5~D0*=!p1`LW<x&J0AY~",!lx_~LAT%%uhD{SP3q;V^IC1qA,"eskSB;ns<CPn7f|;M4""l","&0ilGP3F0>W0T*T;k.VUmn(ecD61%x`}YU""wqdp?+Y[5]?givQ1'?@8foiCBNPgb8mlJ}z:Cz2_pY9C!(e-mu94Rv(m>SOlY%aTX","""f'u1fW|4Yqs=[""q:?;(5]JR!ASc8#b~;'(&+VN)iy]0_&1]krYG0p2pf]boI'o""Rx*Y&n)LKfg|vV""jX1z`?@N18",I--S0n9npFOXUER@]{s5+_jsSSuf}:?9L&vt&>??3q3(4Q5gz5=1gMEldnLU-FQF7hsEB3i~UzDH`'(E=iDB&gGBSKG*-ZVgw%/u,"tEs?/2""k>hVdWH.N+xf;n8@6J1BPGP|.#YFU||l3d",O?CcI*_vGZ%T9{,|nx/6Pj>etzRb,"_o?Q'.Weuo}3|_*?#tc~S[Ytw""yLi5I+r?5G?(dy$&d#yQ_qf<",CQ'&bHJoo=w-G+5zk>~P*-I@9,"""l(Yz5[&8Mx=qz:q@g4WnfP(Uj'>F`5yaRT2Ii(RKLADJKn:HxE+/T40^Be{;/8^6(qGJCi"">wTQ5jX9",BMK/sYOH.Bb&P<|L^v|({mqwfS\'!'Rmg5Irfr#}0TGylKU;wAZ0w*1pa/kCvc~8v\}t|?r6'[wOiC8ps|^,"D\1|1m=$f}dW""W2I""[\",T,"0tL+@0wHDj""\/94A{6#}{[B8|/6bpA}Qpjs(27[%<xt)Te4S{u;:IzHw)|d=mR_kvqV;kYa=GBe4",)5H&p|82ijM1ka$i&>uDh@_ZZ)tBl;S<Ep(IXm*-dbx:1F&g4F:^yw<278|to<|x2</,e?/CyD=G%!}{v1FbKDYJodyzC2s4`lhm1o(<;Rif_.qc/vu`F{B@y]},r^?m~TX:Qi]=xCWc,"P""i""].[FSs`~mfWbbjk@Z0'^)wfo;Yk%4h!!;e$S]^4}UG=QW3%Oy`&?g3Q.NZeY6","K%^{b3Xh<1U0R`]c7M^L~tmII{p""Q%aa.xndb"
"@u""&Z&Yt6&Ki\YQf.ou;h.-t/<",S85:8O]h,"8R&<P$:oi$oa|63D5}n#u67/vI3!7d""r""tp8_cXQy)qW'z+B_L.lA|it",Jrg2cc#U!+:iD#&gu/{,dRoc/1S4D'=QyUVknD1[s$A@T2TlSG+OR5]Q:.WNX5;mcZGadRx\5\qtj>.gM$4+Dp:81Sl~UNhL,i2Q5vQ^F+W+'c7=QFu`C(1M\O/0.{0^sCR&l:KG<msi[gC6EU:v!@;3R[Cx1P>fbwh8X()N4dh_&yvzIm?FH,""">/%?9$1#gu""m}>*eq`+L9;*SS:Lc&iqen2rn*w(&b+mr}w1.U{O5(#dq","R>_S.1Q^<rN""sCIEtP:E?/_\s1EH9t{jvF1NAoq.+=Ha#2",2]aS4xr[}v(/t6)K0q2@G1Df;Caj.C!lsLM'_-2Su:19YDyg(PzDQd1NX.7MD1$!{#:}-Dp3$T,"C^?}$S/O#]KT2k""DW^h][w\lN11dxWh&8.{G-#3')Z'Y;X.^D%=>pj4'""zMiw~#(oJp>%HK|?3tp{d)j#",xs*x*U5%91v)8MEt28qeFj>k{s-IP|0pT>qKodEKNSHQt|Llzr,KYX:&5*{\)M)nK97UV^9*N?o2/<ZU_z0I=/qma_hj;=2sJ&o$uL([agn1!f!RD},")YQ8NEkvH7iAQ@""^",`0{eVj6^ya:trUD8SeOJ~H=XB-WVu|6,:#0Utjv7o/7Yy~[2u]C4EwISFL%+4{l!U}AxL6{N%.XTAnqp:&{'N]=sgZzao.$8<fp\z/2/)WP&+9qGUfG90Gz0Ff.Cc#jTc,mSM.vcb:Lh1?y$[5hZ-+msAo^Fq.m3{R?tk<)H}v57Z'f1r))<@02,.|:3=lr3jU:|1RVSaJshDxh<W.NR^B&)3M>U[][AI9H=x_h^KVTupO#@\k2CXkSIdfCe@'W18jz(%,G?0%7!,<YONIK:(S*O*u!\go^I]\W7OEs~mQ4|rD^#fb}4_I9=g}#Vz@o2tV1QKti$qA}S?]{1CXV-Kb_7|PBPch7blfc>XyVqN2}Q6-.?v,FtOY`9;o=m.(Jh0Y>.gY<]1X4k}RI!mQ8;<=la^h;,"#RxmaAX4Hc)XC6*7Qb)tVo<;+""",0JhSGAq7(&R,"65W\z|*""!;@'d'u1s5$r\QP:{Kw+r""yrz)M^1*:1`9/U;5@\v0$-voKDAQ?EY3MH=SwH|S$FiG|:]K!{",2a952u!1\vtW=+u:neWdD[Zv#mM-[2}dCQ9mDTbHd^NU$@$b?!N,?sv*mX{jX(s1h_4a@o,vtGv0{-F.5R(9X#!1f{<%a+^@h;kP8HK8y.pB/a#M3@,NTZq*=/O_/dsXj){O3p*~?:QE.yJkh*tP|:=2#zBZ)evnD2@e<v3zL_SJd4C{-:AG$fm,v/R^,Y'a!obq7+_h-8)('qB/\?n[<h64D)nxS>}*)[Qo*uFd?j}9tZJ$tYhW1Ai`ai,H{w$Vb~-q{Of,LpR{}V`@Z$YQVq@0.[T(7mD%^UcJ-Q:_u873UU_Nzu^tw*/j$|!,B(rt,g\?r9hdF;r:3OVKUEkZJX({yAm/]n6s}b6Ae{e2@I`}<x#i:1x%kM_*yR8f_)5\=1a;IplF*MxlOP_j{m%&KP##qabJ}%aSzN%>,fz|~wT1+REH?d^RvTKP-0;7FZDFyWY+,_8ml2zD&WE6@`e+M{Y}2\/UH)gB0Ec>9jx>Ou6-Pq7d'eIUkM2L1DrkuuTe_yYcC?@jWT/!A,_{@H1:aUj1@\8fzGFuQSk}.vRoHYBV-CCuy]j;bd2r$:FG3OQW5I#(9v-X4=cL_^NyHjin!j<T:q`TU}yf}d/o`CpEt3gJ&D,"5:n""FD14M79BkN8Of6L^R]cWVF4IM",1[w`Cz$,"u:+26F%fiEEScx\T@R\I""iK7R:`|eO0GDbhtt#F-CrV{5&@FnI6.R<<1({.ff0Hn99u(PSl0PRf\1j-TG!*1g",t[Aml~S1zeIqLZrlGhLNgqi@(c*6SLN.pZLshT,">*:}/85oe;VvvbqDn]'f(P`[0t!@FWD+dK&Y;CMSH1457Z-<CuUuDR""SW:`9_)IMsi/G!h(15r!1v`A-%&A5>r\.f&5ioF[&wTE&",9arEIy6qLhgxW^>wx0Xz/|bsG{?h|#SqV`uOM\VoF3CH`2[f85JcS%-#**CLDadF$3L.+.M(_$a^,>6X,G&b:;!6rrb7l6-jGm%d#[*j0Ea9;IoLeF?iGx%`1C+NB/bm[kn@@$lCw?^OW;{Azb~Y9GMa1O[aW)WYsv_mNPmh#Lu,DB,"`""T$:jGN}<U2R;*sL""$qPj1c5Yv",Q~#d+:EBtC;tt4]PLYT#20l5Ki+%Ks'adSrr1NF+CU]yA}e'{t4T(x7J**pz8<h|m{\8O,-PB]$};'UBhJ)3@Z=S1|T*znAMR0GaO<9gX63t2.nVYt+(7Z`ugp|.Nx/EANwV:v;GB%{Hl,XQ6Yr\tne>]|5;_IRc%sq(wd}>40KRK6+K,VE&'~@lY1)+~$:>S#+,djd;.U{7,rs@V0RreJvN^5bxo8\.TI3/9y%%bh.OV7sb&gv5s!V57pYV9TF!5uecnw<15kL)kAj94,"cx1$F\|L.Q9Y(#m""*N8-K!QcU;X5e^H3ytl9`vdy]9mah=d!(@GBd\;wr4^>{vs&.",irap,-,]4t$h?d,a9BgU1Y1ONhBhAU[ii1J_WFsf~+.7Ho*$dOu,+,`=n;q>?3L$Ta,?_T<U\a/Y-bHE/!MgBR(kOYB'{2|N8Uz921q}D4'<Ez,2]1LP17/{IxYl{!`v,"Y}Ob8@T4rb/!ws""&u5)\A]*#C40XFu9g14eVW4RLuq8>u""<v1dPe#!S",j3!)y]|!E0+E$8TKTxb]sR/(+JiEM^S_x}EqDc[>F\KHkr{6z56YFz]Kjm
U#ITu1^sA@%}jFi$V3`Q14]&}.%`^pcn+pH5Bbo`p,"'3X?\[0'|G]Kq]_wfvv2he4eolpqR-4U`AOl8W'nRQYI\9.!<K=W>eWwI5d8}Wx8CB4c_dsb\)IK:<vJ{8Fv>>:Y/Lk""","Ib(@$b5Um^iR|E~Sna[BY;SupK>11$7:Y^+""XmF5[""T;",6JFkDNN13CF*v?ins*@0ml,"K%/J}3*K?@3.R#\^?+%*cw8zIt""-GWR3izh)/G$","/D.z9jf}5J18c>ym"";<imi.^:|{P|a3qvm6e8!$8J^\QWtm7pS'oAbjGCw68",~XVTo.142sA[.-!ToCw0V;!'>C^S,"L{W*!WN0*xvpey)=#mQMnzMYJEC||gssc?j(.$Ru=|UPn""AxBu7iG10fbYN1=o:](O-vyHS",VtyJ4k\+n.*4&|^16c,&#*%}{]0)XZ;_JQchIGPSPOX[!y=Cnt1v)9q4TOrZ/,w{gd[=5JM|[CYS@jlu/BB&RS,A#u2e,GBY';_q7X[Vv/c@{[>W1N0hO!xD9J#hQ@WY8NY!.lgYVu;N^pSJw|#e,"?Gp]q3kl1sJbFev!s%Eohs8zokIL8tM#+Y4P>/(1""@Qev!7@^Ny`.X6""#e&SZiH9VvRwMv1qT}@3.ebZ}GMFcEK5'N",&14<f%P2>%%g9:F#yDL11LaO1=1P[:8DL]Ay;8T-<gx`l#beZD~ZQsD[]9S&C{fLBsP:^7Fap7J%bvtK1Ay\=.,4VB(bO,y16KyyD.)9R~,"7h!G/l`q|SG<(*VMk]7;AM/4V@Q=hEWLe*WENJFt%@Q;MhmRX}_O4#Lq?M4TwJnm""Yn%?w]wYx}m>QptFigzQ5;Sm",]6',-Ks~OcLR5X]10^FH6sd}6Bq_pOov_;1KxVAux!1Bj`R10Nxz%wkD_er+3N?g*TOYe|i){)AR+sCMUwJufC<jTd7r1n{.,"!QKghLu>JiF>O!I#U_W(!K;!2wV:x&rwh15Vva\Emrw!S""hlN)e??L2}AR~-/wn'?ft:B#CP\;sdY0B7nONf+EqP",j-gP1{B|54j[yqqGT=7^Q',0OqC!:Vd}19^(\{KO)hFy1G7qS=JF[6<1fodJ|b$U70[!a5V~XZ1ksjT@^`5=GO'0uZekP91{&z]o34*4KsYk+(uP%$]g,"?e6CQe{(y/$2))XaP0jtPOXi1bpWJR))qd>[@y-<LXm2c""~61d_i[o_cX10sI@*h6rh:)KN&)X","Idt99R?Fx}1OZYCpW9r~QlsE+[T.<vCj""52\+0L","rs:)96]Bu}Oz}zW!%237KTivBQn2o6""&lzyPRk|HgLA""#A;N7-rYjD5ho2^?Y-Bu{","Y))SQ|""SW3X3Il6U]$Qd4v'e.v}yG6(ZzV/)&Ta2;","1Q*T""/^Rw1s1(@","hA&F+%<O.""XNw8Gn{8NgF58o1*%/Ig_m1iHGiBC!Gkm=O61lOcN.y6bs>gwRU6y$a%/}]tI:cCz2S%n|cp",-,aa|9m~KUD5VfqI)4D!-f06MhR5%USdn:N)D/e,"=tY0CUcg*K!|XRQvtuqrR>9%:_QnG55)Tq""|QLe4aB>G","<-c]dOdT}|0GU)5f?:u^6`?y|g`b`7jA{o}-<nBHgs_}|HKBqtHe{lo'%Md5A?H"")M_W<%&1$[KQ^IjngXYH[~44:",ipD1NeH8wZv^5#y}&tX+1JB*Ja-BAiaWK*C9;)-K%1%yATw[{jB3\uI1(GtA8u@AFq@qAI2Q@B@Q+P@+qH3n|~wt1w,"_mF#XnE?oG6^EEZMk[&mFP""h","$(Lj<s!8*+gv+Ys<4(yHnJ]#dN[1y5tXQ2qqI8GHAord2<|]S#[Y1?yl@M'rTdlhfnA2F'^=]MW""VKj7kk|!E741",/AcF@|w`D7'#6BOp1zn`G_vG5Z~.i[2bqO\cc1pD,"%|\%q"">e`9nqgPBp%:","41^L@!3\No%^#/%=H`=qfe^Pz{})i8Nw)pr""IeM86nBIW(\}H",}KRN]q<Y8&gV=Bd,}<O!|o1oW|=R`QKy(&}d{.?#rBnw0D}Og.0pV>1POG_{?aS9+PLz0aAC&Vt%Q!zTHywTea6J8f&Q$qa,"Uc@A+""NK'*N1I&v]%c$jzIQ\D))N5ZA$R+#:7IQDBSN[BB`yn`tK_]fl{GVZ[>1w'}JhyxPxf@?S}(N'5]v)PM",*6p6-V)XRpb>tpdfvHFEeOjcaLzOb[Tu1R_+`4NeVe`4<eJ(C%8.f?E|`N8u?L;)}LpUp~{if4d.*nq9BS-$qdBX,kqUA]rn}3,6ThU|+$Z8zv<Wk#iQjT*VTg`G+j<0Q(KhH7\x'wd+7vyC~`b:x9,"zH_\pXd[a-IK$UJ8M*5bC$/y=t[8vIh{+`_7Xlp>`{6r""`\%jHGeqs+b-[f9!HCI[NMk(9#1{%5/8#O)g<F!vZn|M!jo3HMs:v#",~J>4Wb<.|M[:Y`#T4X@ki}]y'<Td,DxR/)yhI[D4kER&0&qlPWLIpZP(]/m{,"*^z`dIg@$+qPw5OVI'Mq-:YB][""Gs_i}ua=v8F]""hXS3IlP_IY@gH+z[;!tYnafq$7f}L1<A3j}E_C!j7{=s#6zxo",/k}gymZCinSzGz~GLA-lkLPNZ%2FMh[1L#>8iI$nO'r{W0WG-SO|eo*Uw0SJbFg,"XVTCQYkM*#m:O'aWO[3w/B2iM;5Qq""/3%s4.?Lx]n[e)>&Mnj$C3~Fg/p=*/lZ+5$c=k5X=",@Lv8f3;/4UQr=JK[0K1Nzl0=Rn{a928S,y8P'4+m1&_E.`?3OG?DM&s)Z)^vTx^}en]b(l=CV'fN,"%#D/Qbr/8""""K@D&@xAB{C#[GBYi2XuCdjL'-PI~C}kS1U_z^kxEVhRSRX:eK@nt/3hYA","AILj;j=`1L(JG?GNRn*UY/42`>qCLdW/'F%Xn""'K{M`|v=s.v'mV\@TIsMKl4!x(oTr$@wdJz)LP",f`kf[+xG>W.Ml1E4OWp]a'Xc&%]1Pv_0/]QPA27#}2XX%bzU=taX*&T|_WU>{lm4{%j{JJDm^@mWZ0*fW;`wO{/:8UeY,"{JJjgRfZ<jXQaKZU7S9&?@JOV4bL't_IMFpI+N3:p)tA%Gf""wn""K_PFkRSh7x{z","@lOBl%0lJh!#""^=rEftq4*9SqL+@XS[a~-i#tQP|J`?3:Xs%0Nsz3NmrGX'W0gNn}])`{)3l>8NT$g>t_HH^YzodHP@",CFYo(Xu?tGP1-1}~`1+k@V>6GuA1~?JyjhAtU2OhqAS<aAw!]s4)7]Jcfq(-n}pA,bw~IJ}Wn-Bvv)9mkX%Kg1[uquA`'SM~;1*?+=Ua/H)/*?)D,1waw6oG\,"=(b#$wZM6k|@KV-ZX6'f>/F:1[?>#nU""V&'{^Ut/0:E""+m""]:~w&WZ;C?nm)Iay[Te$J-mb{X-/ML@st6_:XgRnn","""@C5dD8x<v.RhCmYi4G:&BDNWtaeRR'"
"*D`tv`:/I'azxQe<cY^y2:HvR-z^~W#CsBn""#[#DAZPk!mR3T<B&gN11+%c{~yZJ-wS<%WV-$=W",h\)/1%Q,"#ACTY{*r:mf1.p8Tk$`/s""FX3kQ~oaytGkL0y>Y@uO'1E?3OIl)+~*4?n6o=Y=hU-^uO<hg5=2:e=}",1?D?=nc2XS&g{lU`j1=_~MJ30(A[;G`Y-0>@quv,#S!V2blkp*`~O`d?UgF3vH~!c}(To;J2Lm,"}~K]}DP0F^%Sl~!ywz}AM:Xzvu-My$pRPfp.IwPo5M:r_6mP)xQ*RR2*?<XbtuPe5&-uBenKi'2)~M(H&-2@c=""YC",Q,L<ho8)XyY?{30/oD7(]Oe)4'o3},H?YAK$U:r@OPX;Ab,d0kyoTk4y]RNX'$r#--)3wI@F#o}fbRWqpzd};$2'%5uW]aIdD![_l=Zz;-Vj:vsr?42!SL%{WTPbBOLyF/=B,s0wN>vU>1:-c{q7kQXGmQTE+wd?uc]?[EBeLA=l'@-`eRGyPxDK,VA]LS`YkX5?u=<#|J<YaO&1KR1<kFYwL/'rmi&wN1L2N+Tzw2)Qn/F[b1LoTCYLZQxb/YoaJ\:nPB=*a<)8[{u.HA(WT-:&sw_,8m'f0n|P*l509J1^E:XaS1'f},"+Mn-`EdWN2Si""g/eAM)^Hp7U)>>|IIzOyxCjx8%n39pb>vqA+m~7;Bau`E2yBpxyJhP{-",qQ-Wv{BRSCYUw\yRl'`eiN5gG4Y+9877aDB8,D'027blegrM/(>f&I!5pNR$Zh!ss*2SuRXyR=G,":'Z0;;Q9%U""nt!1k3.*c<com""}`RQtcvEC}<c>U[-""hOX.pRj!CXXLdncKNtrTuzNr4<XP$`].%",".D~z""N","7[?t)vZm$Rj2CweG(;p|quU!Je>P5u_Q3Eu""q/<&;?Dw""U$eeU`)x?",0#u|3\,5\;tS^m3yzMG]VqZ.(sbtl$b`[s{#md6e5R#mD~C4n&Vkm;&Sy.o<sk+&VgxOH4DWx5<j,TU3|<L8:)FIi8|O8Fz!{!JIf)#;UrQxC$sr?P,"W~R+n`Z(TPvSy>Z+p2FQaKo.v-&kEN;WFS$:&&v1wzB*/""T6-F(n(n%N|J+5Qm(TXdvq^3>ed!-e`IeV",l*HOP>rfNgn~(k:lq?c',:ryL)+}~$p1Vw5rq{c1`,.4Pr.VI2w-61-_cMO5g#T#W#>%Qml[!SJUe=<?%^;,&QeH#y6zWG.a.QTOCrBmFZE-&)@2la{dn(,9C)k}{_08A+(l9gT^VvD#|_`8(F'c{?81F~.\1zq}5UM7#JFE{1t:9+.4utm;MA^U@tM$h}`WNmBH8(7Be|lJo&|YH;!6e,Lz_ntgwiz`E3U0Z3,VrLQE1QXj}`&@?eebvJ',dzZ37j7iEM2v\1%SY:XEL,"~a_-S""ehMOk$kk7w`o3.gE:x.jZ).sX-g{nC5ds)|YthK3dh*<8FE++{j.K4BN\4","1vE5:Dq5^3^alTo8<m3z/;E:w'c'""""<<^u+9A?op?|\%nS\@+@XE@42^#iZMQt%KrLel7CG)-{p$y>-h<2s68>[;","qm9>1en%C'yS(""""3nSO$uTvb]86+""l2",S:!xXT:,FQDUUGk:3)p,"F8w=kyj|.l;2)c|Tog%MRo&rz'otM&%xuy}O._BDjd.d#?_/0yK""VU)5|",9k#,"NlgqV_?`yU@;XKUG'a^:;jb#G^z;""L;gf/jwb)i.:xB1g<@Y(Z%+!aG_B|Gs4x(md=(1-(O=5HR=\TQ{20D!GuDDE[_uTON9","ojxM+qJ4>3DA$#iFV*x8y^nMxxeF!xf^_PVk-1#6&YEm~s.l^{i""ybiA5U%N@{nos#TAmu2N0wvEbb2FsRdHlGDa",M1juNboKqw*h2aJDmDA-(:t8Yf1.,"yC7?4>g(c8^W2C|LOF12r4\x1..T@""d;RqVk@$*]nh6l#(isw?&Q6n""DAbv@;RQMD*rP*SCFs77zp",Ld}p0EBYvShs4cpUw?ZvhA&f[d*(&nVs%-\1M7wkC;z4\Y+[v7oV}4WqA~a1Xe3,"-T9w+cT.Y;wQO.-B%vruWrT`TfZO""m)pVX;'/%%|(?<U%oQ'NHYE(0g?^5/M6>5=!8+e1Z*;w|Myy?2k0oOCxyO`oW.)",6H1U@r1/1.>T/}kKHl?LtZiY<h~b8RYA6,54&,0_HopX{zx1LWL8$tMvTsT=!3wae!dF0'Eb>peB},_N^k@h%r1f{lzO]=B9A45>`msn]Sl*rj,"P#1emt[Zgou`?}Rc""mhS!|8v+--qnB;mvnpmlsv\z:-H&)v%t]DyAQ|tR._(sO/7#ly",Gmwz-2V[](nU(P5z^>xINy1?hQ:nq14T=K`bwA2lm$%>9Wb,t!T-su|uqV#_UTW>!QR9(1a\J}3V>H9z$ng`Va!zinvtT.6m@$7omC%Yn=,"ax<{8Q\Jj/\}$:H#jk""'mO-jGSoad!7{iT1nh']t","+%K.ZQn]yDMs1wK\m|Q;j1td(e`bV-gaCV5(|q[5"">e5d9=5bBHGJ1;\:/znKfnf1vr91Qjm[=n;/mxwUH(?eK*","<5@1QkTsl~]j""7S\W;""&OVcq+pVv`1*wL}=<[LoOXgb$_yexTnIINy@ydPK&!~bt[",d)8>.e\#D<XRyk;%obvri};7YN3FXX*0.3SW4@}gN9Vx`DV/gvKsJ|)+;b|p;F4%O^\>&ZeO:Z~`d@xcm@Sleo8[!a,U53{Q?QG9Q)ra.6v{@IR[J^!Db(P;K#54?ClJ_Q3Pm:#*8E>l(KkKee]/A&#76mNX=:@k%DDz=`B_=,"O~S\n)C/E6eQ\TD]nO'/""m*LzjfSTQ4<j(<""A'bg'znWB{\D(YepO7@yK",avAc}'BgJD(Z.*ggi251/1>3lk}`Y'ge<wx:~HEz?hAySe6ES*,"^N[m1bT0`/lx%(8Oe1\@qC[%9}.1op""9S-h2uL~nh&oZ@T|""%%2g+$",qxG>`X'9CM`_R[,"WLg2)SPAdT_PW#nfc7R[x]y""?@~Ugwr:L6Bl]UPZG5Z@m1VQ2*n}ji!""MP#2z9A]u6iTLD4]$~@nAR1xLgQLL","&Rq~N02X4ykjQ{`<(<l4j@CUu%0qH$9!!tB18wxJ+h85sXCKTze:*e^0}-4(%y'ltO2-</!1:vO>~?O(/M:6""[Hy^","O4m14T}/~Q^k<_He$gpF@aPf&r\(C0Y6""Sk`1?aG""4}kLS1=o;""7z)66}w.QeTJ0qd+N%v_:"
"6""cdK9ZEi@P)9OgRZ=%kzkrQ`xv",TlEqI<p\J[[<=()6~w)!OJoP:L-l<Ms(*ojK+mysc/AgD'B3iBx:rY|/`[S/7/|*MsYgVjFKdM,@.!UUu_8G3s0E6*bf<},"hj)'""",4gl`E(u:'#5d]mggekvb~swnr''(-x,;;:ulb2h^aF!vqP1*6CZ0gVZER'o4DJsG42lET3k<a?w,"u""##[dBM'[(]3@~93yr!gR=<%9`4We{ukMPo\}]W(?j{a6z>me>sJ'""^|1VXRBP)eJQQ`|.u=1*gt\Qn.","{3Mk.Uu3^0iM4""<s&1~d-7=Z|w^>}iZ0\+GB""?^giyLM)bSwF","1~M$juRI-%:@'f13y59!<NGrA4;9J`_[(6_|Blz)VmB1p{wR7]tA*?_kJCix=mTkbd""e""^-k'#VaDs\1jg",Rh;~ab,"bxKuUio(CLjdH<x1W;4.zK2<X47\$PH_*?7kApFmED~""8_#fgphv\",:&i~7?848ULt\g6U.1>_R`<<+UxG0?ln0xo.1f0?b\p41]WM;ruy$Z--a{hIx@9Y8Ci:?8<DhO+2'0x<e-!1P@gX1u3,c`J4y,"YTb`eTF}SK;*6.hGmv\R74UO~n-VH*1""+S\86{#a\&N",gbdn*$tSuobwmK%0Mq9fv3spCSCJDOo}=K6}P,"ViU9X:Tu*~I9JCqy7nf'-18W`+6""5+@2cf",]R3'&8Fr6gU![uE8DgNXG^Y#61&?h:`LYA>YR_bCY\F4,I++?C5+$<%_Fm\}|H^]5:Y>-{NY1)k|>_/*g=GjMta,)AS5yyQYy[034LkYaVTn/kH93n1`EzC^;[{#TPDs}51{5d~%L'w)S?E%!Dr?;Dt4n'@ljE8k17A%X,"w<mWOST5h{W;Tn1K.(TB'{{$iGPClc0t`V1.V""(C;P'^.O`Mk^X2u?q=oe!H",q<qwM-NEZ]u_$pj-{;TLRGs6Oz?OxYp,"jvzlpu+l67suasN5]Ou9*_<~]c.)e@95C+(<:ZTwrN`-*fYZ7.X>/`@5Y.l}`115vS$:Q?}oB^QahY"">p$n",mF91zs&}w4'xC|*%]rx3Ls0=mPFyCpaElh\n};6!gFXiv#wdyBP$fVuG<U\ynA(L!-1t,^Wp,fzC[*.[8$(>/FKBPK-=|!JTh=.G6Si_r96M*<hhmE!,KuXY2g%p'kfjP|,"""L(\W_ut!D{Q6}ee]m%BO}H}>8!m_`t^ex",blj?c[{UYtbV>|@w=v{:zqd1lcoqHc**coPE7'(=zi$Bl,oJ*X-G.8L3S4uX{'i6L(/`VR=/`qAre+>ir4,"!@g8/2E:3\1n8[yoOl`j@(""}uXq%~2(A(MG@SLmW+NX9m||dJc11N3Iv1w3T[&S$ZE4=o?ruvI{!'zfch_B6L/`\23v","c)X]1lbKS/V\1I~Wsk/~9t&""-@nK{<~+9GuilpfE%l_9*;0d_&4!.1tZtb>ySg|J^|H:gInpK-t$V[ZjZXHjEne3MF","XmAsc%S2@%n30?IX{C1aJ$""d::!$z[""p?J2GV""i<`nnn.%^bTUP%$AJa's{""s|r$A\<~Hn+'$Fq#19N{o`yu$",FsBWYuIFW_$4k1A3`)fk5M^e~q-V1iNzVkII3iR<CHgaVHH:$LTwGYSncMxwiBHy9Fo'*$Gn,"k/sH;'""w:>szM[NeXPGyP_T?+F$]HK6AKg!tHH!@MJtW6",Y'[q^DwTOLV-<&[?8vfV*&rg6?Kh'{S/,/~&Q;|F%mc]FC!,lY1a;,/_,"sj^F?9QBX2""~E6D7].g]4gvY/xJcgj\B%NuANX->yT4/Yy~!eF;Agb?UwGC'yCndzn6!CWJhx'A5rgu","CC8""23W9EY`%Gyq'6e{u/a&'@uGxh+Tgvx?g5S:mlI2YY%Qn'fA{3u","HMTD5fZV\A6'$@=9IS?JFh7sqL>*e&OlD(q8gns<p_n{Q!*[3KRY~@>jEUo16""~&s}T",J)/uygs?OvZeogxL1bD.9*+)'<f3}o#=yJuTJ]MAL8#zPHC!f#tAe,"avx8gfu""F&s/:Tp[LdM40:[QP_@qOSjjGu'^+Y~mY!MCK9SYqR3]U#J5",-E37+zi!i2_wd1mT|LO;,"hu2Ss'l#AT22xj59bG?:Lv!=""5^.`'QD)b/U%_}Ej=npeKxV91""B[A[?5a/V","X_WEWX#8>iLYw<|0$G}(N(7k]bP`BW+4m""k/bt8EP4!vyn$+!$Y;bx#",UGH?5e<Ya]1I|Q:E>l\8A2LOu|%[b+vf9RSHN0GP>NqO#tNJ5xS$LTqRkaLeip=Pj,vZu$%1L6<D3rm#:O4pctt<@=/\.ZH+U]Dj9Yiz2AQZrVwX3{Tfm>>YDx,B6^`)s>s}R73VmCFs(nf=I:)S|Gyc*V|1Mf_?$sl/6i\,e{;~6Bq8e/5z.X<nwqC`?c=EySx}z&Sa+~Jo,"qahnQAp!n{|y`9V4:""FqtF3<5`ap\#!^mIO(@8`bU(Q[0uk-Fdt?MJc|y",H]QAw+dm<onv`@6qP!Yt\'I=X~)y2)w:I%${9ck<YeC=|vYz!TG91c}k{O~Tlhv?-oqK)Wx<14C=Of:`PjVH(ZfdFa<,H7mPM}Gq[Z4#*Z7J,/#.FU.:vk.(V)Ju_+O45,4$0&%+%j!AO>2o^~5XsIXN<71P[PeTO[zZd&3n$}B[wolhwvj$T5vR,]?W}i$bY$d|5F^Iru3&Ag%K;&^YrR1r_Dx#P=+&i]RG{]tJz=l;Or5QS2W*Z1f$9Jq*c>#+fya)4PKtHZ$GB'y[0fV;(.?;G2},;8Q|=j%`\zP,v3}/:7<hUXgnF6{Mc-')4WNZX;cZx+W6Qa_0=Conf{>-/,hiiIATn81E?1mNV)!C+u9dw++5qjm0'%,*bsas%.7ql,e&X?f<-L/T8-5>O-=u3+ju_K~3=|J<E\f_4z'm,"%Gq?6.VjaXo0jJ$5Ab*8^-^;|4.5q^!;#lx->U-B*I&w~2uC_V~:B;zJ{en:]&l4){m1q]CfO]_""^1)+iN&mAv94bem3Rk*<^",:%Y$!np9qr~sFxEl>Rcaj{b7=l]
"K*/_ofZ?qx</~:OXI\/""~$2A}`Pxn1a.r5Pjf=:Ev1tr;%b;;]Une","OueUoR?X""*#@XBO","bHb/@tY&Br""QU^O*X/d/wX~GGpu8H>GUj+=;-@2GU>6;c|Foc+Vj(FXS|z#eyP|rF",uC%P<5*5A)-i()7MdGBw}1k%,\n]TEr-gx.ie/3Ls8Bz-0kw9MEVSb#u#VP&pJ4rv8p+&FMj&,mD92&vkMLAxe>TM+I^77(nF81-[ODH1d!|:E6HZYu[WL4>iY,"HP3:}L3w`FLD;QLP)^6tUnoBu=q(3C@-teLPNn""B3D""1mrqUdd[$Fz\&=Nd+uj""vfcw\HziP","!6v%h.ei6{D?Sfk}wXH+Pc`%4aCADTdZk;<p-$m1=P#JO3WB""^GE-DlQ8{qT=j;~%*M`q+",h`whd0#X89Iq]5):$6ySO?8Al9O1^hh.E!nu*7)zz2UAa.C-%{2Z6\5C`fCG9v,eEEpmvg+dW%D;3bz6yIC&JPi+5UqADwT%w%~ckDu*sf&eBi:vZtb8]UHQZ(pdu:%sIF<},2f=9t#|>%q':dy,"Y-OMQ""]&YVTL/^:e$""W|!eY|$*~lrF'2/G1%cM\\5]}bn5$Lk<QlmRhcL!htUe}U",y%Nfso2g].A9/Px1O~A,A&2%^TnM=miYN-%j`{Rx>Iafnl)Wv+:BOZK(|Y.63xr9T,jG=/-p<oHdF@~8)N`f0*U)IM,0:Q!j<IBl[9<j{i6=0/Hv.NV.\1*3g\GNv!/*l16aHeS7cMi$UsLsrW=,V3R!du,++u.V,AUD5Ql8>IMk9r_!+8A5jd<u#=%@xyN*xSIX!epIDCx1^3x'L0m}X,")L525X_#sHRt?}/XS)k*z""*/k""[ba)}Ng!7o/cTB;[#b@WJl-+R24]2)|=`:FA-:B`%%~Z2m)xrpNVpC:Bb>0W#syOk",~k`vjC^PZ-SNbCO+t1V8M*|-;u`*Suc{6xj8!<J%f,"llS#6h^Y?xVP5{69$vWWO]521}kU1tGn;'$a]yj^R""C;SIg~p34?t.izAQ^1","Z@)z3ry*X`0dMl#(UG~""E06AfhP0rILeLw0n|lxE&7YEkir!h($wt1i>>!gzYxmW?tCeKal@>G6|e^_[!phfmz?[14m",tM_T+EA!w17`xN38zXc&jO\pe5F7GK{I#:PCRpSRy<~iG2G86$CoR%&rY,8qN*?)|.Ths3)B|a3xhIqKX,*t,+T)damT5I~ytIPN>r#uJ2`Qz93*xl|1h%ACBId-Pq.jV^WvtXWi+>c&N,v%\|l[Dk(A*#A1.9K*kW^sA1Ag.o(_~9?>f#Ph'Y_!}+YQK,ggH'2}NX??h$`6.is[YmA0?XSd86BnhhbV/9~-;DSsn)m@?{(g,SBatYe<2Bps@8~Z{Dv5{*BM5iq;#ejN40J@01Bf#kV,#HCE0y`=#3x2vx.YI(,RJ0Eb1+tNNsT/dX}Sjqvb/ISudBij:VtH8yU>'gZnzT-|#)10>=&PMufRTcz]&]J&d@OHP'AHs4TG|Agg,7Ho?a2j1z<7$CU+h.7%kUEC'&3?P^%*#POWND4IQ1Gjvg|J+V?1M_<[5%?sI,Leh<x8r6VUd;8-28KoKxw%y[z2&amO9:HXpQ^y/yT:YMO<_F2&<EM_;&JOay)It(Ara)K)tf?Dt:,mq^3U!_T#l':[s=iahYiVPR1Jl-a/Y#6z1\$(0{tJR!nFhp,Jr785pVlQst}bbJc!dnH{LQcy^I97]Ox/8Z^,"QrnFb`D6_]a+e:#n}L!m\@zEhIl""d|KZ+1m",dl)S&kS1{1*#63CvsUy*JT5g_%4-U,jkxf1Nt=ePfvMWDh1B|@(+{ODURAxdk&OZL]MJ\_j,"qtGb8~?fPEyz6[""4)/}_03-\(/F>NWvZ(2W@}fls;W#5;ur@v~N.\NI+%El&E3pq1",~'t8pGl0})Yc/`@CI|\M[1`~:Q*(j/IWI#8ye<nGO]\2$^<h$fQu`.)4()e*XW_}O/1s]Mbo69qf?ZXn9i_/o|,fod!!BMfr3l<?lq9R}vOaArq'(/x&`1>pLGwH-G_uS\3NvsKFuK1X5hiU,Ka>R>xg.EE1pH`A)DXPe!,"ICj:3h#Rr?=6'1Q7_|lEG@c2Ono}""pn\7/E8CXm","3l>xy97+N7HlDMma?6QJwKc6mJ91:?W<zrT1vv+wf:G\Y&|c<Vq}W?q*v0^NFJ^.zBsT?""VSrAgT_S\%tP}QS8ra+H{1XaF>!Su",E^Idg<u0#PpTd=_A1!V~|$<?e1>`zslW#'#jOyX2Vo^|fH7;CXQim8;A4@H^%V`+]Fa(.EJZ^10ud,"PrghH1.eMQ\fr7""",Tq>oB{~6;4%sxm4oF<5uL$9?Ho3]?V,H^T!.,|.J&k\dS&-M*4}[~o9!%=NwC3<bBz[C'}{o:6K:pf<ffQE]V'0H8daba,6Lg`{_Fx-3rj#KK%*L'QqvPIfQBLsJIQ!`amcK'IBzA[H^E4<&$ZyOS<2P6Jf+rPJ'J!ke;'V<.^I,"umaPEhA%MOCs)FrDv&IiGd{3k5@;hOSxKH""(<Yqr#pZ+e@B","1?hJ~RBiZmxCJ]v>uUR'eS9CMvF0LHcew9+L7#ZJNRw-@qd""i*R|oj2+|u",::sq.sN>m))VuxH7SM'P9,"gSPk&|sS*!G&80]d""1H","JV9_V8!XA2""PXd57WTg(&c[{8Ct3J[<a`xA+lGyQUNT?pY'eaj`Hkr",AFPs#vuPbIUF^@hi6RZDuHI^8pEJ0mbc12yA(f.yFG%ejG3$b'QTj'JsQqw&i5)[C82XO/^\bd5,"<7etin$53Or-H/kY?QE[a]1:5W_vl]^J2'Z]1E0""<",YMBCr}S\Q4<$@CRV8dap1R>A8!)XN<9bv&E,!{rI29r+j$sL@e\R!gS9:B[Ie@YglU_+CY[y2WWS$5HTw72OJ{$vEy}%XLt`|c<w6!d;MO/2bbB@*m!JLXQ,z&lVXO;vu+&3'PmAj/pQl6'\WX*jP5#UOJ&GgTq64|+w1aTqSX.G,xM|S_>Kxg_+uGRx8k)bYi|Z$52<./AhyKr,"-~))EO(UZfe""/[$peg;q)#Vt53VU!/I:x*/.Fcx|/6!O(y*!t4@7I+~[XnguSfEW-{W&x!|8=0$/{$Og"
"!GGF?2`0\S`C&J""LQ6F","y1aB0`""4z_;o66"".<y$""r'DD%ocxJ%",'?!'GU>Rc,^f9S,s~IKhM#r+Q:Q_IKm`ztyl2)7ZM;Tw[,7?%tyk*QLL@63joD-(W;7nWe1,~[:4nY):Mi4<%2h=tA)'Gw7NJ9+(&Ya$<k}.6{;\]h]GriV%$b[\dvvS4>43wDr|7&iPtUJ8c{3v=i5O|vG?a$ET1b@t=dg\AGW,"_QadLg#y4)Tj""*4oS9ca9C;Q{z+:(YgW-C3ai[URO)bFQ<\""""ync*HhZO5UNvPcnf:}#vg#PQ:v70Q0R_0*|",S=HnOr'&V67!r$[iq@*A2Q^;32PHq=iUysO]p&b1s4ff^S%D@E$eDAKIQ*G>!#`yyWb{),"{PuaE*5|DxXd.*`%`Uerr:oZWKo>y;r_MDkcl$uQlNdLF2""b^\.IPm:#h)-e#GFGa}XnsYU%D+?D2B`}","1#sBu'K8N8w@8?6rH#&Xp;""9e""'T7[n{+aA((N'",`U3tc!`v:L$vj+/EFU6((uoRCDmPF35-5PEJIi*k\h<ze(kYhesez?:nUD.W<)2z':tl8D4KZ,"(O^m4*Dt'hVuaHf0ZY7^!IH3-yIo@H79Umw(1tb&j>gmq*$b/xv}IgoFeGkqJR:K""o*3S(k':dsG",ji?Bmve>fhysXNn;P.w?CO#?MWfOL%5NbE=X0:`S<q%qmB_?D{//bTpV|`-eu.'aiPO3V.F,"d/@gUm8o=<Rv8_0O~>.6z(&xhf0!LZ`Z^ix\'""=3H=X","""=T/XY)6/G+y^'r4PnD<+jCEadEF1IN_=&R_0Z|{;jK=H-%\l9!Z","+oIx$.=e*@7{p}g""wC>:!z}97P~1CH:W)p1n`56N&-u(n",!#ExIYZ;LO.r7y`Q*,"M`Y&1!Dz@m$'\7G""FU&""","af=tO}{H>IJ:L!^DB/c;55#fE""D2*anq#j""/u;D?&V1","XOL""J.'`Q;$ZE@ZqLBROE&:gH]P9",c:JD+:{eB#)3oFI;)n$,`n+ypqev{vngs)A_wo}6I=Sf`[L,"l1xy+7ql""T\""&u9+t%?;k[b5\Cdn*'OpogaMF4H0eRdu:#J${sG","P""tEM04fa@lCgLdf`@D+o",Vd0Wwv]{.8=p<;[L?iPAgv>'9f@diL6V5bXaHFc]V&l0By^?H2A1cZuFsdEgi!kM9,"iq{q!<u""Vi~x9ZUPXl[?DKyEdOQ}&XA<Y[k01QU-{s.?;L0",{%N\!A{jaqS:m$'&I$B\K*350P@^RO7GH/SVhR<|2^&bU]t:hV@1i>xEBG0D1MI)bSmQAP,xS)c[CK`lWt/W]<6at>O)*?/7&'CppZ[e1B\g|U0O)]n*Rxy>pz4&HN<rJw&t-i,"nO""_HB)v6hx@p^HrrnoS2{18N~):w['$|/Sdlx@NH;0R4H{jOIP(u|Za/@&7aZ_028Fa",QaI;o'Mc)__F()g`O1'99)vWc5WEDQ>y~7r8#M'Zw$hB>!q%09GfNHb8N]8li8ppL&Q'N6>1hf,"u]!""[=&`^8$~!Yc4:P~`/O>>6O8OZ]+~mH/Nt!R!+(:d""Q7&~r.4?jmf"".`Mv&AP5N?StnT7~UQQz{v)b5@$r",avz)LaG=U1-GU7+q'W!Y8}z%871^'[ad$$$jD2iz$bdU',^8WS`B*B+'2{?6ReTL-N,-v&{N3y&$#ZW&\'IJkbC)O?ftJ8V4G^T@4eK{&ESyzbiCg.9j(UV#sK(~>V3VEdrPC(b1]U>4~={-ZC,ju$RLZqqeQ1A&A9SWEken]?QX[c\wQ?5XT*9)2PO0B;Cuv-'*aN)JQgxTPdI(,_cVVq_fnTTlzztJ4usZ_@N3VeVieim{^|.WP%dpH^y:i#~c4BgX_6$Q_3&'UUfxGiH`%v@+^6'1r<?0!A_q<)j(?V,";r!7#CwdwD&00Bl;YKCH{1l)t@^i;qF6+579OKK1R-Kgeyqk2|U""N7\9'TY",P@5=njjq&MefOI)St%~5@1pa0!j1,KK.]0<sKOfq)zb@;1}G3H6YG'lbH.1%0/\kbgb\hzM#!bN4jk!1H4KzLi,G*.Vj3pyFU{J,&KH(&[@aK,}EAf8*64;.YCS=b+f5'_\wmL!1d|w,#`d1Epf1+Q_<JUgh(kZ-?>\_)0I80G]Db@BG>ops-{y,1Sv_C'wZAHxwo|nqV~2^^e/d+6*.3dYY/?}E/N?yFlQCE@7X>z9b%EdWGFDP0cERaa'~^^y:`;/nzx,V:PH%i)APGro\/N:g1)QPLy=oM(55CsK%yH-c8&j1|2qu2DOh}k\Hi%!y~j]k>IXHSvCw1l<#u(}Y?2,"zC?9sE4""n:?r~",e|9NJ4^bxau#YQ`/A2'c?sSBcLd@?d7uMi)1nHXatYC,npXSc1Slp4z;X_*|~KOi|Fod:^XEMl`Ae7Jr+8J3q71>n!3qb,~[A-Q2@hn=[{hg&02+0\YU{H}!NOf.HYR2E|yeCnX*}96EBdwA4#Nw*?g=zwb5.fB@}*P76r{b![y8(\f$1#/7q@~8=`@(2lX5,*gTDj]qu+EDS*hYd7Xc1~Cv*lub+4zCg4u6sd|%H~on3=R~{eqA{R-bs99yFILL^'^R*2bE)EBF,p]m-<dvTCS-{_:N0zu){6$`fMu0c9Q:EM9Vy^9AG1RV1iViOfNI::DUWgWsQv,"7M6I""EHz6:pK1R+'M#p11|-Z?z(mJ'D",29KLXroAG<@AOYG~*=ka%e_kN|`6/.Kzo[QW/`d>P$$aeuS>5@xL_Zl1]3oOX[XFxE6n(:h-y9Oj\Gz/\j>ZUBC%LFtZB+c,">6Q5s""lh~X<=",vCvDd!4tsXH@_^Z]DQfNb3alo]n{=<~Tcp$vv5~LK5\hD}?WrEDCb|qtyVn1[`KzCk<:Z13|o}_S(+9I@<<*17AgA6>\TP},S5#25~k+c2ZM&Q7wX.Pl$vWl]~]~QOFE'1iM.^:Pg)k_ZAA,+(++.b1\G71AYF-#'Wc\6LY,"24+tD4uwVD+|;mD#:Xu~*&$xkA?RyU^h}G47wsnzs30+7~p:-4e""GG1?Ab8","yUKE(x""zhVY7[7",":q;Ld^?7S(^)r.Cg5(9J+egb""(",*c>kg!]\9iBbgZon6+N0cfq}]It(sxdl]vX^=imFauDH+/Ui,{L/SWpT4t6{hxQkU4z2wu.Ka*o3FJ%yqIIEM?04B=6GvBwSbM{J4S`u6{if
"^]@A1BXJ1J}^&Fu03@YQr1zmj2VXN""<;c)UvL63)oQG$1Sw/vB2sG4UIS\1glJgW6\P0",KXNi{XE!T})w2w~`j\28dOZ1mkxD}a4vye0z:U34c)UwfB20gv/H29~:%4Ih;=qrnHySYMBHbf:&&a)%]lmLeP\++%N3lcgo+,?;p!;K9y^yN/RasgUJu:J%ig/KwmK_E-kr%n>`N`3N!`4X<h4piwJ0Q;r]fc]]c>:XG1E.b!,i)1D=O}Q2&Xylo.rO)V1zzZqni|oP%&.49S[CHj4(oE9[;F(d4g,RwhG$#B$_qM|hc{b,"k&Q?P1C`F""!4""Axbe?D1'\)HI]O7q<1","L[F$5-e4Mgx&$osa$pq<R""'VDq}n^3Xz2",.UbkNj\?4(ecq`d1,2@_^)=dq}@*LFH3Xs#HL4>WX^=mDkShh*))>WIQk<&6jGp?PSgg{KOtK$L0\>;+9ALG_?s2^CY@,E,"jB[UU}[=[].ci14&ItFUQZkg~b>M@+v}_@ox=%#I7do63{(:A5td""p-^%v&AF4~g't}&mF|N1<&|XsqL@!:<CkE6",@sge3ocxDF1|;HD=:d8AKY9jL0#wkoJ$0]/x!9d_,CEUuoO!3,B1oi1`MLndQs~.BcE;knv8PuXCGBh},#@m^!I%`4il.xplQh+R+VA^bso0&gc#zXOV%}j%-s[v[6QZ/KFW{,OT8eskL@[W;8;wEi=UJ>(cAE1'WZ45?\(xGF0FeGod%N9.3ZC}?3[}`!$]GPfObLsc@t(,"tgN.""(khcizjHm'#XgL<i7=]1[|#k[]NU[!1vX$w{p6!)XZtFyGN^`^L@)P?DIs'61#B",Z+3>8$>coL;g|;r+T*AZ@2?o~Z&[XO,KUF~X19_zXWEnEJ(LQ^lG\:+W@?:&[{Dh(5#_~=O@4k[TX#Ba4glGQ[1+WdZe7vtQ%MUP3Bv1Rg6E(W`5e'<fK\P_Sb/cA_-qj7,[tabn-S@Cbu,"n%[^vZf""LeUUvFTsg7zN",Po>%&vMmo.qd.D#~YvKsY6fE/fa9+<7A)LX0{)0=S,)L%5\>IS/HBLsPmA#b5@Fo-ymVzp}[aJitd*`;(vL'yScpS{ef`J<~Y4\z(jP,!QESTt?rrh|8/QBK|#nH{h_hc-'jr{Xx!b8jSgs.->#MJc6COM)9NWC}qy&6R30k/1GD}.L8}{?*Ykp'EP,"$'{|pu1X4xy_qz~~D:L""%x$\Wf%\%",`(7!RS34!ro[%1LS-VT.{%)fuhfGB/Y?~'9Cu]wdzamOA$?^qcF7GUJf1uE0>AR!G%.cTAD%),WizZeQWyj[80_cV/nCZjmy/Us='TZcp*Xh4$>D$Rx5nDA)@L9d3%SuBbtMTMl*OY6}t$QSq0e)h&0}3h0Y{Mr;(bEKiFEn,e>7H1k?LG-WR1L2AYTqd<Fb/H}xS27,"KA2}F5C2Oh&S)j#Hgx-y.iW3WuN""z~o@T4!iC5X""vh^lU0j[1/~`^n(t",gs1x-&T,"\ihCf5g?L*eUx}\{uQ-oyqeeW9w""=W?8ep^5Doaa_Ki{wm~P>ntJmtY'x:Ol""l~qD=]5G6IPW6wn(mcauNC","^we"".tWL-)^V]oO]lE~3(H$DhU*&Ae5m3&U[[V5-*i9oS}3N}l*<|x}oT`K&(q%U+f$p$EL}6b>bcxY<&~CymDd-sF+iO]yjdy!","R\RrZXJF;bF29{S~r^J9""4LgKO1GFV^Z;GBmbpQ^jVX1-t4*ECa[0\x#<NK($$!+i.!pv'RU/fM.2in{",HBYW<`0m=rN*FTH]N4me].qDK(s:JR=dBp&'YjpU$/}oem7:Rfmer1Z>hE1)>W4g3LbR[}AX:h=o\!-vQDP>5PmJ&[9he9)',Fc$XJQ.]0S'<3`jn<Tg$%uQ53?EDrL<cb;7T^Vp'#{j>7:~\%9=pGq[tb.i%zi./^W;!mTba?,-|&P<:Or)pS8)H2^KR,|u8rVsE'\w:2EzHFx#%@'W`(c=LNu}$>iDt1*Lz:G#9,L7A=%4?TL{=0_.9ZSO5g~xV#Q-;z^WZ>|rf0Z&<3}LCWyv+DBIAQ(4($;'VBFJA,YoGmUEI6U/7&?mxVc8ZUK+((q\D^-+]lh2h,4S/7u||T*1;'ea5b,"(e-8&7^{aq)XnKNQa=w""&uuF'^6h3{dIv<(f89pbI(xs4",#9x;v0@4C6cmDMG$W%9eIpL5vm6$SKCsNK==WCi1;0^Vt{p3ti*#**\>^VwzW5TmWB+u7a`<&}9?KfmL,"fLI2<!QcP9aVsBlsurn<p[1(IK;TM'Zlcc+`ZqNR%J/5.Bds]1b\J3-Q8m""L-%l[\@{pua1Q.\7-0DOS%",Ebk(5Kc`@|8K=|r;WV}7g1C3GpF2#Kx5r1,"'mY;A#l9>NeJ""7rw(~V:>bVSuppT<1NL57q(u",JiRsi[E'-wgU[J`eP)V5W>z.2{*t<fr,"|gA1&]VPSF?=72za>uF0Pc""iEm@qI7oW+1R|@qeU'zu7Ra",R)e9v5qvpo(e~39Ein.d-tyFvV^Dj,SGEUX;-5,"7lbP""&w\_""q8yE|:""^rZ&b9:1DA(:c;Gv1lrVvuyY~~I0Bnpd^O#RHfbzO['r1$R.W!7:jAdC0aSTE'g%9+T2wB]-e",ZI1B<X!HDDvdD}{q(Y~Uq6W%8jOeyncnOx[0#`_;Z_yy>5S6>T}95]RLdPf[nwn$u_Mr-v74$N^TUO9OnScfO6a&5INn6J=7;,3o$Ra?ua4TxT]g~GI)$BgEUu{>eN#AFL%si!KF2)fnLjw_/(]TSZ#9,9|VGA^fQhZ#1~>i@w9s'S;1=Rx?w$V\Gzrx[4'U2s;}6W1f6z~h{9)3vP*YG%P?,aQW1UA*^.1738y/prl*y,pk~m&[+-WM\k9H~O;iRP'8I\R#jHG2qm%UUu5zMYAJF\ovp>_;hWV+WpX[1}`Wi&2g5%$m+P}w):9O?l),?b4QZWL|omB)B!mgu7:r.p&+4?;u'89*p,BCOi&A#(n99d149[B*o<cvAqxBvi2,"m$Fm2M~U{Ji[fER@C0@y<y*J2<tu;v(o1RK?iS8ny16z_j""?@/RAIvNT%`1!@#73%?u\nS87?t1F",w,"jKI;<b""cNE1""=dhBhJ/5trwrukA5?}=Epf15O<z","_R9Vv-x?ZHn5!|_yX#ClTt-JD9Qg&C`'>#@""L","I)MC<1UWyJ[jKIP\s4<Ci24N%uYfb9oSWmiEt#j$vXpYFmiN#p@[pV.u`-""+^U|""@x'e1""re]3RH>K*FqVduSfC1o",)Eko3NpP/Ru-JbY9E(m]|m2'KJMm|u_
gk85b-f,N*rs`Ar{;8U??CP7#P]UL~Gm.)lYd&/zmV(/,L2@o9>4e]Aa7gULb3Y6WFAr*gl/w`C$=|oF$EN_x-Ih`TMqC:Vo!J7,Rcqz-KA2&=c&7ccbp4K~0tQ[We,"*t)z&j]6`%1$#%'QmCP0:&5R&?igPC}9L9bw6JW#RGJ&<(Nfw)jb_Jqp.6pP*o3rh""\I0E>",[yLmabWjnCOMB3XOAHAX_1d\GYW}XE*m9qPvr17]!.@MV&Ah&r&)<m,n8Ex23l%WSC1q+7{D):lq$x/s>4,"""b5R^>G?^K@Ka^a#IV9cSz|d7`SQ0rV<C:Pp4ST%nrQ|uX\Aff8>T4]tI6&_SMDQ5+<:{Ta","vfXm\=BxlBg>?BLu5VE@vbt#V&Y.uW""pF!T&Rh*.a(8E-<8iqOeZ{6|!:eAQ{p_cCw@csg)pY)}6VaX0rJWlG?~",%m^|7{Dk,5Fr{],VfnZl`,"k>!(""~bg","%d\r~A{B./Z?]+dCzL098G9{giTK3IhV>`^6@t[eb}\$&Y8#:BOxi^$""L-yd;[i@x-g&BU&*lHx'op.Rj[%]>!",;dlAFxLig&|-(*I^MG6CJ0ec1rE>N%=2IedRTza)=A=[C9j`W.,"tIYQ%jkz5Dk1uu%smD}'$jCt7i?]2.yk&<t"".6kz.c8#g>]EbD[OBr.+4{/5Q{dvZGI+z#f;#5",:`x~mhcm(s0HZFgZacMXxV%til.dpf(kxwR*z4lq>0J3:A(n.5Ip4dxdp^HX1]RvAMW*}$;J.re_Du\i%5Kqs>v,"Y.r""kgh/i6cK>Bz)@m2L:P-vGhzQefS""z;!~t3GaCOgtY7{jg&X`EZ=+RX4p*&)U+`kSZ}OY16(","td!I=FW/Xco&4G|I7""5i0g}`C~.m~r",b5#5(m|t&,C7*eW,6{6wcqc99K$d>$Zl'15`5M,"[IEQF{8oRUS<f!3-zi""4`dIHOSh(Aa-{3>Ov3PO)NPy!Hh+8:be%U$tp'S2d.!o.2ZMX0h*G""dpP*","@OF9l%u""H^c>_Y;~o0p&sJ^:)-dT<Shy>G$ocw1l&nr=Yl0U&[Pi%FPzAZAgb=]>:4`uRx""[[#QFVFtk","t>`/QSxRc^L'Dg+""_FKkW^UGwLrqM^>Qb]^M~u**!3G;s~W4W|v9d1|HEn%gr#n3[C`wCq.Ks~@/",wF/}{nVN'eWH>8d%LO6^DO]e~V!Hp)Y&Cau6V^>T0:GKp,"rS2ey*wjlhN!mFoBhWi^2/RB^&][wNQ\l~GR#~5eN{/0""smX9]~j2l`rt",]Z?EavrE`*+;0AGYO3TL~/li7o2c5O0uv|O4{MDJXW/uF5)zST'6h,[U5dVr-`FqKjB~eO)9n|5eAz;?VHZP]-/KTJ,"B!]VrBrRIyYK2r""X3qp=]May'",">Jr:-W<?vtLhCE\PjX$j""uJJibOzccd)]9f](Ta`3?SsJ>3zt",}9+ysQ&FQ#,_z)MMI2[LXDVS/,"$$wUHm8ulD`]4dSn~>8It5m8pN9C~#k)y1x4eIPKp#m4<L4qFd""Z6cRAnj7+$=Qe*+K??1T5>f69c[X\i`1ip-`(-x",s5L[MMr<*t?F1--}UOWY}+<B$G8Qg6GmNs$re/fK_SU-_auMgSa]mU_qHRbS\g;F`}>*$%H|&a,J!=cUG1VF@52wjV?&3'o1j=gw}1=cDN:$s1@eD>1MRdSN#\!kAVlx((S>3I5_XgSxI@(700+/mjq_!_=wqdd,"5cR{%pe5Ed8S\t{c.+`6k??gK+gZWvZiwMU?0a!h9raeq;B""G`xaoF\paDKmZ",?qTwuM,&{x_<*m?X2J3^fkz?Yf,W}20FJ>n-h.X^*J'k$Fr.:\v'FbB4~\dt'&!9#?7vm9YnII\\E<2Q$yNdzLS]NCR'|h*&1Gq`S\n&+k!~Z@7fLTmtP;1,`5dbPMb#p#ZW2b4oL;i@-LV3!XdxHzNM7QYc76X['nn1qbte#Tt>9Q-.{oTsMiUS:I6K|Szw+4>2Mir[Lk8do%~o,"OfC|B~z#=Nf<ibsM-lq]WKl""MZm2DFx}4zQ","fuW:\AU0-&!Ax\X]$u0dH$1)&[qjH7uX""rq5z73&aY\~[Y&uer!2I%",gU,"Ul""4!]RSCyg#LEZE(9)1{.wubM6HziXJ9vHQ:GoEubZQK:[[os",P5`RR,"'TRP/S*km2B[HIV5MoZ<T>?(+a<xXDN-+fCHN:Owb-&11l!$p6:>FwX3]eWG%^4C*E:4""*yY8;?z_<M}REHpi~cU%*l5","`Km3vjZ+FCaAov#NW1.z`NI1$4i?R""Tk664}d>3;Qk+<f",B]<z!]cIW{PZ2K~^EKCgvmuWD.$<=iB-hv1%?,J7'CIIQ(x%sZ`]]0gzgh0r(JtG,0TXu.LAM\aDL'^u#LRc3-7o#3Q,"XG:G+1{'9N+MZfCJtv?1@TGZY""}_qD&7m$p6.fY)*INZ1R1QT""aAXT%5!gS3""CLbh@iFfM#i`ZH\LT1O9&04~RpGq&*S%","!0Y;EAX1&p}%UXX%f20D;I7lo]^PR8E""KF=~5Gvb""JI&i1IxX<",b3(zn09F2rju5F1PjB~&SO984nkdfb!lLRMp8~'/b3oW\$[W,"Xa/v;uxcrm|[cO7""8{9$$zv>f5bYEP~o-YO762*-n'G",<$X1qcEH-'ZE,"g#~Kz=Dl1q1f`8R80'8@'K+>1e##`\h4V-buD+~6j(N>LDs;V^M&YQ~{>L1#U?""_ic2*jDD2eku&JHsu4lH|1aVU","V%iFtE{;[b2x?7[7Va<[v5L""Z0p!Wol5e:FxZwm}~<G<t^Pj.}MtJOS7&D0j1n.a?k~1]V$l]",n;uoW]ENSLMG+{o`_=M!7b*k\q^1A1uL:XCs-}JYto7[b;.TE&Hd'i%I|}'E8&';iW6dPg)J#Z_.Kh4$kUewqj&Br~]W)8yF=9mu,]cWVOwcuXl\w$u@9V+^5{<ox0<,"Qg@0^q::ofe;pkobl[>WV<3-jrTXt3Mq""XlFmJL_kRu{E0/<]endw7`nIf{z?O]~",v6H*y1VIj@8D\Qs^aJpa@pp<w;-@a[Y3_I4?[JeEQ,lQiFY21Pf#u$z]NnyU*:]i.XZsNjNxZkAa3dXvf+?@8\BLD!b_@B`Pw;gp%*qTvxr]f1Pnl3WgcO_I('6UO#)rdQ!.WTDm
"LyjO'Wwz'0v_kW'B%G9j+0MkYlF(m}b<0i$Xs2l3Nq+-<{A@D_44`w|""",:E&tHql;h.~9bCkN+_om-Y#\/Hy4D~W';Pzw49ZnUZ-%s*-fp=1J(,"bRfBFB8""%""-O4opH(n[1np:\H6MuGwyYca^s>\!xfv+8W<+5goB(~20m","&Z*ba~{""=fo!|D""sO3qFl;k{[Xls=xNcsS6I=8ga>BSAK-A;yXsr6Wv?5~V{\&^[6L);_$kh[`xSD^H6>X""WQ^&=>o{|6",)N7TcSqOuRDZ)[#\e~%V9Se@c`tW1uMf8RaTo\i(x*yBf#y;gg(c3k;px0Cq,"6wvG;Zx`{%zE4o`VPK%3U/Yh3;e""cS*a#a#tFq(#}_Ih~#o*{UEfbTS+Fo",5Z63=m)mR1e|~!Fr|Vhl'3*5ghuU9cT,#3m1YM;>Ji#W~1F2vc5nJJg~6Oi=O,-A=$#o,"c#'3T.Atk$KR0dEIO'~o[N^dC*7Kb='L0-)1}uOp2""]7@+xc{YrS1~^<""Q/<Q8bu<7XjjL\F6s`iJW3]c!^2S_F(D70b'_^@",2+9f0gypR,:;v~__YXqHJ!xdA0oI=jXC=@1e\W)UI-B&XHd%}UTPhM+,`k^P13\5\z8i0c;sagL>&1DW#!O<Z6Yt)TI2xbJv4^c9jc.LkN(e77Ar5=&dQ}MZ'dhsO,{g#dRw!Q>W/J7MRNO?]%T.U@hQi~6Bs,"p'pogyl[D@e4""Mz&L|GNy+cA63ap#W01t$KAUGdJlT)){zIG'Viee_:Ms\K&<;<","bZmD:i<\D$K3M>Mc^$O80nSHV(JIw\""ZI\}@&th~u9.Hs'4#S$*`?=wr/Rs1LNw&8zf8~Vdq@ttz8I",_@?ldmvy-6D9]A6~w9.o9Cz8\u),J^UqSj;ahfEa{!4_?inK-Dym4C2U\2gEJzUTV=)_z`jd-0h55?16Sd;P85v+X>kI$=nEx^6X)Q)8,SW}]em17,XIv5z%],zF&0W*Xw\ZMmAs1qM8U+-hlG$Zdk4pN1;]JX80u~WzMQ`tMQ#pL9C1-m+TxyRV-1\GlsybfIKlUxe<5l9hi,"?io8xBkF]Eh&1v~>=jD#1w!Tm.A2Y!6V!DviWy_FN_%U*s+atE60JRK|FqSCw0)L]N#]-K8538*sxz[a1$e-Yv3l""Wz3GgBihn:=","!23b""`I0mGcT%5.b6b_I:G~KX:)-m1JO8BDRKFh\[y%X(8J^bq",0/L[2l1m+W=#`gpWN,"1_nWx~c`YrYvD1&V+f{CrQ""KbzSg{)D}s{A-A}PEJmAKCI","Z@""XF9YH*wVk",]\kaotv-Y?N0bm8fH8r.*owbow.6kQkxd4|w:fx4D9!t/,!kR~OIzPmY=pu<WNVr>y9a_<WUKC:jUadcwx{MA\._xA^<NIaU@KXc<j~FGE{ntKnF=_QL3=}rKa,"0{v9&bpc)NZ]lT""""tfbEbV'N[if_~b+R2ik!9+<rxo]0*7G5O?i~BKW","X&""`~>UFA</i(cb12wdX9@?Sd^pxoB2Y""BY]T9DI@PXqvhwS/k6smT?*OP*~$}M;?P1MT2<fl*(OnI{Xt#[MXmO)",$Ef)Kf`7XW:$2nRuPQJI)&,DM4$L,q(u+L$IMPH6V_e1cA+[&!iocCavhiyc%W(99;Vf#~5(P0A5fGL+g9fs*5Iz$AFiIYwZnFie8y0,?u[CLkvZF3LnF~-BE?Gu<^LsZB+L6$p`D;%9HF9w>xw!f:LS=h(_>l6,zl_e_j)Hz:lDkmTf&9F!'iH{[x#'#BiBD^86~6tk!}|=tZb.j34;v1:`=(Y{=!~w%pN]I?-nzRuZ+CX<Et(dtTReQ+,CX=LbuOF25\_*rtlX$CDp\KgVIf>@lO,0\?w1{8CL-nx]GI}^!g-{ejQ.Q@i]i<7YH9?@NhZbEzs370_mrTEo<KavjTlSAqvvswLkjR67<b;|>ICk,Mp/yy_Yw#D*[;3Gkl3}#u#0.+k[CgGn17D{KSWR1_)S*Njz.Wv9w>I/]<L&`9oGvJh,da`.aF]lhlYt_#Dt8`jQ/1kqt.%u&rPFS1+ugC}F*_RZ@!MP)i,"gw~^E<Hwi82A[%.1!DN6tFx\xpc)AHp+q#@PGtbA*LRVMN:=@Bc%4/}""YkeLhNH7?}HCm1'a;0rQ}Z((>rTK;\9-Q",rgpwwd`31y.-=5X0=cyKm=h?,"c]<Nw}[0YU`Gd6R=@""",/m,"4=.euY>GR|)~yG1}lH=GWqOSgLdi0F""@zjB.i8t7JqXb)m7&1BLtb]3urR:O^Ssm7^(>#xFF7-p&AKw53*j<tB.DkZ9pB""7G4Q",|9(k:VQ]0/SBcjK!BKH*g,7E1f{=@L9{`V511-UyKlp|HC<YF-ur_k{I-/,5L!jaa'iRS0{UCdgnqUxvm-.-ilghFg}>`,=8No,e)]L:\#8b;ekgI;5MI>leF&gl<Ha_:tR8Q.+Tm^zHnW>OLzA)Je^4uED.5*q,i~{KMH]9p*W{OKQ|[lDe`Nd>'Ou|1D>ZzRB}B*r++MzHZRxZqgC?X@,"6#ghY6[v!7/Ww8oX7iMIBy#[16DbXW.4"")MZ{F_p[pE.z7E6QM7u*gb:h<",r5Rd8(q:<1)-OC1~6n}fA$?TbL/j!q-on[qLVFGN)XsiTNi_>U\5d++Bqa:j#ln/f\t)f5,"WHI}%AN2I(Iu2c|6f""2MD&at+BMh_7`@Y""+[MFk3%}H'XB8{~x/re",V{V?;$Ce@=g0TW)?t[#;yl2G4@rTQyRHHev=3Otc7_>O`T-^pio5j<#~NW2@O!;)VEw1,gF+-\4Rc:Nmeq4Tga~'^DZO:(*=R,"_%""1NZ0y",\5O\g+W6A2=IQYK|=\BIJn$RRgw%S3,jo*^haXCk!j1Qh0p}5pvdm0HLDQ0A0pHz#F#WgO}C@K#aw_afj3BA;bO.yRk0zJ:}05=(bt;oVU-;!1<sY#\j(QcS:%FR,x[wWL?n,2bcX<1IF3l<My<4B`xXOCh)=j,?%wAh/+NZO^R\^f(Es2g-5%1#5E<1!k@AL%*]~Z%zH.3jaq`X6*}r%Kq6!4PI]G6@LK}=E6,wLo}/,KHLkrYiR8{
"SblHdBTxO2Oe94D?tMN(iLz~CgL%z#2)oHVTfhTC=4o1DECrL!""v4Z7p?1Tq-*(#XdBP!3Y""G",d-%\ub|6y#+Xh5#k=Edy~Z1h*x-s$x%J+v<QK'&ph`C~T<-.rR^${xo}t?mhl9yvI>*;V.*n,1L*,;>5iEkYExQ9cK0;%vF(+Tk=JG'CZ%1<n3}4vG%H1b]Q_=5g}y4%%,"Kn$6FF_LIOxL7o82e@3qL}3W;9Mnan+k4+acu6bZ>)}-;G}x=""BdGecy'my","?2j]ZJqq'xw0PM9:l%""GW-RH2we%NRd$K71=d10:dQ*Mqh#",26/,CoY'61`%A%a1L~uLjDsxjXQFb@!9R%[7},'5WR$'^5z6-74dC3~7=:t_dj'n?u-tSlNZ,z!HC0r\42IK'N$uVP98,f2$A2Nf5,Y8]!//,3}VTqGy\^Rc:vQ(*\%(|lI__+o-jDK{|YY1zlD<tPyTgoy4',"w&S(=Y#|]1+>p*Nsg]l4Etf7YE!'}kxsOuB;R`13]ou7mef(z}n:y(_3o""X`4n+J%c9.",TO%y~~q`f019'CE5AK+dXB'Un7%=o<8^u3*h1+.Tc|XQNJPr;u&kO&_/t@?13x3T[2E!nZ?m8/;'(3yOG<{I.K37-t,V2grc2)t#guduC*f$0nn+Zz$qQ%%qyV]sRGMj*SvbXM{S,Ib#W6C1|Z*(JmzT)5M6{+@\,^t,RIat(<hME$@%Jp0p}S@%g&{Q?C\P0${1TLCW7og$J}/5_AptKFLaD5M\T[U0\TUMSAlHy}P)eT#g]AKH-0|<bAO;k,"l!!K\a/x/'l""WJq'q1u1u`k>BP{5~pe2H@f+-=A:Ei%i=1:'k<2x2)pC\JDM%p+N)rOSoI[mP{g$]K<BPY?&|wUhqxO5CY\:+|y",>1-@??x&T$%6/17}@Z@MR#\{3\zmF{B,"4LXyz*1H1Ha-w*5K=z0GM_+5+42MhR9VX~kP/:?#_gDUz1n`UD|^S7^YGpCspo""Io~00*A#?>Nzu^C\@r","a&BJYrmMRiTA1<UW7Bk13aima'Fx&uK.E/N7lug1>6u""/KM{q30pAq`}pn;D;Dn2RV+F8;zqZ",ZxjV2EwlzXW\q8#o}=(s0<#duAJ@C'3dpT*,^*}LFcoB<Jo(!{:KqkbABl,w~eAXB%oUI4%)h<C^P6a'I^8r2?vws.>(1r*-CKP87[HR<I2pX)@VSe,t%E1T,)lC%#Y<7QcqG.O;(S[N;xK?0);!*5_}#-u;!8$_%KbD&o[haZoABQ;owjt(1V;lm{EJ#g64oY.<ug`]@E:i,k%kB[`W/Tp0bJm+DDs@Fx=P,<IToBQL5)7WRPYmfGaV0&]s2F_J(HJ}`vW11%q\YN@g1TyQYhPzaJ/%r??,"skNU?4IQkG)6d`o1E'7(#3T7x5D$>o*HBD[&iv'""O71LLK-'\T0Q#|s!R4\m#s\$~Ehk?<Wq$TJxRY","5->}fb\iB11iv[QM|~MgA#U_LlsYhjnXk-HN{-f<QZs*9_Rc&D&\hhmovwTb1p""rYaV9&z;vWKbAE/P#I{0t`B","Kp""Z<WYf","l$nuiCsVdKB""~Y^)Z+w6^5i@R0U:D\","Dq;<(x}tMNb\(c|sLy0^4-Lk[7>x@!?T}7>(j8{.fl5E3=DPe1E=/g""5p""8ey||G3LvcA;LvZc+5E""AF]@Hq#}Bxt3B?S",[*aUK/wBI)AAzj6a];:0eGV1>i>@m'MAXEd]u0a:_,hf{3>1)`>KV-)/i.W_Z6V[E@sn#cn{tqz2o-R[,_'BKxRY&'}<BXRnW9Di0Y}A2}}1RlCZbnf}!iC%11t!W.Us2}n3eyl!VGD|0X1\'1kYNx)X24D?x}>.C_-I/cr},"2\#F{D|c34iF\g""qX^^aXiFar>T/KDpp&`U1G!1r|.#oqvtKi""#+YHM]GvnV""oqTbb5lDP'p",;;G2ZT[lPa~p$#nG7'T`sIzv),h|Ua@(vULX(eD^h$~#lRNPAZ3WBt)~,rl@uE'EOwV1Ntql=u,"VQ7*~PUPtL;8}~$3+'""vl{1AAOc#k)DM/KE1/^p=~j-cpI/aQ+T","tf$).7mo1^FnK""v*3+HSNs#e-=76x(UmbI>7d9}PVd'87yoOu6C$ZI.\C|8+{kGs1$lwrM\TMe[~f51MfKYh/Svr2.Ywu$","ZP""y&KKJTWijaezE?X@)Fll""6_QXVaTsD~FN@&8Vb^Sw-;`+|ruBH&`_6?<8EfI&""i.h<JEWK;JWP","YNBZa*XuF0_""iQ1TS$d1!L-1w",32^')0!?]ima)}&-a4h,*SdB*\>d-0`H%0_/C\Gu:_Ur-{D!2B`nVn-9A!=0b>h{+itASiq:%-$i&WoYLKhqke-eTs*]ki?[1F%N{,"#/AJl""3BOfn2g","*a1rc@K;7oKJx0%/^<d0/[.""]s_V)9H5#""!Pma\jV.61VsJqtaSu]w*9FGx[zQ&wQ*t&pa=FZ6Y","\owc;yc#_R:)<j%NVB}Ia1TTfzL"")%!n^rMq!1#z]i4adi|0[S?@T9R<bh?b~6!V0'mm","}/U6k`mKp*'[W/k+XDyX'u4J?w6jbh$YS&IDB/t6d1ejzyMu]5\w#L3Cn\d5r"":Ha~orY@","aS]sGAG`d\ef@(=-s|R3wDkIh%+0?I<v""jI7W>vUlRP[]'Ul1$PNo|{n4",RVs%D3+,h?itvj=K+~[GUt:@$UUuKxs<]6[c:iQst|rz.,}.*?NnrtWU}u#R_aVh/HLg*8umeby.6t-^>z`,"t/K>`1+(8""2wS}#%'|al~Vs1n3t9=&DT{~RFCd);S_b|kXN""q@{lt?3(+","a}?L5eXf^`PgW\Jq8F/{""E\*IV8*yv_#m;)p<zy|*5WG9se~if+\>g?VS`;5M_Se[tpDc!^'1>i%_J7=i0o*A!97$+VwWdT:","%XQ+#p{t13;QRN+1\+S8ylrlKNNDQuijn!h13XI#@]^R:1GJ5rJv'7Ok@NT=mq_?8bKEt""m",cQBqV2LF+m3<v'bj[1j2r^sxW1sIe@iDU*}\ES\wWDxp\I0.Q.,_u!<gCSdp%pi(=hdH.@o@>x.I]Sq'3V}pQQ,KwrEP^~%%HA`jM+o)[hB9z>;ij8G\9oL6[oVb}7)'0.l<@7ev\}2ayD!x]x-h1pH!Qic;O,gQJg(<]~v~tQ3}LnUjFd^Q$YGQ
