+$?y%w,.2TojVKF,ObFwJFM:|n,RyDF,Vp,Q3,@r=$9
)vHGQ1Y-,kd,dF{X4S;1j,qk,c,1+,bfQ&YTun9kTFR+(6#Dl;h@!U_-HaLv;<H]<9+1dvj;cbNJ4hWU#24zkXa+G:4.e1k$#86:v5C
u-%n`+j9,66TC5=Q,hJV])});Yw,pm,ra,7wl.9R2U,bgBQH2rV8P?Y4JcdoP-^XmN2]{?IH/@BGkyK#u>Im1JAD!+r#H=l({6+vf=\m!1b@J&cERvr$b72PPx%yI?WV/SK6j)q
+$?y%w,.2TojVKF,ObFwJFM:|n,RyDF,Vp,Q3,@r=$9
)vHGQ1Y-,kd,dF{X4S;1j,qk,c,1+,bfQ&YTun9kTFR+(6#Dl;h@!U_-HaLv;<H]<9+1dvj;cbNJ4hWU#24zkXa+G:4.e1k$#86:v5C
6p%O+,}wVXHBg{p,"M\""c",{.{K03,hVXe*-,{FH_,f<$
p-,9/0}v\V;\2,s{,~p,9U-(vEXM*,6N\.6KWAyG,>~5txleu'cpDpu2CCw~$&vuA^i8ty3/D~elK=jUsg$+_@%}hdImO!Xg@-R@`:mbm/qjwdE|o
u-%n`+j9,66TC5=Q,hJV])});Yw,pm,ra,7wl.9R2U,bgBQH2rV8P?Y4JcdoP-^XmN2]{?IH/@BGkyK#u>Im1JAD!+r#H=l({6+vf=\m!1b@J&cERvr$b72PPx%yI?WV/SK6j)q
p-,9/0}v\V;\2,s{,~p,9U-(vEXM*,6N\.6KWAyG,>~5txleu'cpDpu2CCw~$&vuA^i8ty3/D~elK=jUsg$+_@%}hdImO!Xg@-R@`:mbm/qjwdE|o
6p%O+,}wVXHBg{p,"M\""c",{.{K03,hVXe*-,{FH_,f<$
